symbol,ticker,name,company,sector,industry,country,website,current_price,price,currency,market_cap,exchange,quote_type,pe_trailing,dividend_yield,beta,fifty_two_week_high,fifty_two_week_low,pe_forward,peg_ratio,short_percent,target_price,recommendation,analyst_count,total_ratings,buy_percentage,A,last_earnings,market_cap_fmt,upside,EXRET,data_source,earnings_date
AAPL,AAPL,Apple Inc.,APPLE INC.,Technology,Consumer Electronics,United States,https://www.apple.com,191.19,191.19,USD,2872075354112.0,NMS,EQUITY,30.347618,0.51,1.259,260.1,164.77,23.00722,1.8281,0.75,237.3895,2.0,46,30,76.66666666666667,E,2025-01-29,2.87T,24.164182227103925,18.525873040779675,yfinance,2025-05-01
META,META,"Meta Platforms, Inc.",META PLATFORMS,Communication Services,Internet Content & Information,United States,https://investor.atmeta.com,484.645,484.645,USD,1227925618688.0,NMS,EQUITY,20.303518,0.42,1.279,740.91,414.5,19.15593,1.0049,1.24,727.03723,1.48485,67,67,86.56716417910447,A,2025-01-28,1.23T,50.01438785090117,43.2960372440637,yfinance,2025-04-30
MSFT,MSFT,Microsoft Corporation,MICROSOFT CORP,Technology,Software - Infrastructure,United States,https://www.microsoft.com,360.2,360.2,USD,2677719695360.0,NMS,EQUITY,29.071833,0.9,1.0,468.35,344.79,24.093647,1.6816,0.6799999999999999,493.72745,1.43333,59,21,85.71428571428571,E,2025-01-28,2.68T,37.07036368684064,31.774597445863407,yfinance,2025-04-30
AMZN,AMZN,"Amazon.com, Inc.","AMAZON.COM, IN",Consumer Cyclical,Internet Retail,United States,https://www.aboutamazon.com,167.13,167.13,USD,1773650444288.0,NMS,EQUITY,30.277174,,1.393,242.52,151.61,27.17561,1.2992,0.75,250.26477,1.38571,68,33,93.93939393939394,E,2025-02-05,1.77T,49.742577634176996,46.72787595937839,yfinance,2025-05-01
BAC,BAC,Bank of America Corporation,BANK OF AMERIC,Financial Services,Banks - Diversified,United States,https://www.bankofamerica.com,36.695,36.695,USD,277417132032.0,NYQ,EQUITY,10.953732,2.78,1.254,48.08,33.07,10.025956,1.4175,1.0999999999999999,48.64286,1.45455,22,7,85.71428571428571,E,2025-04-14,277B,32.559912794658665,27.908496681135997,yfinance,2025-07-16
DIS,DIS,The Walt Disney Company,THE WALT DISNE,Communication Services,Entertainment,United States,https://thewaltdisneycompany.com,83.64,83.64,USD,151203545088.0,NYQ,EQUITY,27.155844,1.18,1.442,118.63,80.1,16.240776,0.8366,1.24,123.04074,1.76667,32,6,100.0,E,2025-02-04,151B,47.10753228120517,47.10753228120517,yfinance,2025-05-07
UNH,UNH,UnitedHealth Group Incorporated,UNITEDHEALTH G,Healthcare,Healthcare Plans,United States,https://www.unitedhealthgroup.com,430.084,430.084,USD,393403006976.0,NYQ,EQUITY,18.00268,1.85,0.618,630.73,430.0,14.384081,0.8076,1.1900000000000002,596.3164,1.25926,28,3,100.0,E,2025-04-16,393B,38.65114721775282,38.65114721775282,yfinance,2025-07-18
NVDA,NVDA,NVIDIA Corporation,NVIDIA CORPORA,Technology,Semiconductors,United States,https://www.nvidia.com,96.17,96.17,USD,2346547937280.0,NMS,EQUITY,32.710884,0.04,1.958,153.13,76.4,23.342234,1.0345,1.0,165.47649,1.41935,63,29,86.20689655172413,E,2025-02-25,2.35T,72.06664240407612,62.12641586558286,yfinance,2025-05-28
1810.HK,1810.HK,XIAOMI-W,XIAOMI-W,Technology,Consumer Electronics,China,https://www.mi.com,41.95,41.95,HKD,1087218188288.0,HKG,EQUITY,42.80612,,1.186,59.45,15.36,37.123894,1.1811,,58.854095,1.48649,32,32,90.625,A,2025-03-18,1.09T,40.295816448152564,36.51808365613826,yfinance,2025-05-26
IFX.DE,IFX.DE,Infineon Technologies AG,INFINEON TECHN,Technology,Semiconductors,Germany,https://www.infineon.com,26.62,26.62,EUR,34583642112.0,GER,EQUITY,24.878504,1.31,1.697,39.43,23.17,13.792747,0.6462,,41.18696,1.34783,23,23,86.95652173913044,A,2025-02-04,34.6B,54.72186326070623,47.58422892235324,yfinance,2025-05-08
AC.PA,AC.PA,Accor SA,ACCOR SA,Consumer Cyclical,Lodging,France,https://group.accor.com/en,38.95,38.95,EUR,9541465088.0,PAR,EQUITY,16.71674,3.23,1.097,51.1,31.73,15.769231,0.8149,,54.27353,1.47059,17,17,82.35294117647058,A,2025-02-20,9.54B,39.34154043645699,32.398915653552805,yfinance,2025-02-20
FCC.MC,FCC.MC,"Fomento de Construcciones y Contratas, S.A.",FOMENTO DE CON,Industrials,Waste Management,Spain,https://www.fcc.es,10.34,10.34,EUR,4702952448.0,MCE,EQUITY,15.666666,6.3,1.109,15.3,0.0,12.309525,,,13.22857,,7,7,85.71428571428571,A,2025-02-27,4.70B,27.935880077369447,23.94504006631667,yfinance,2025-04-28
SCYR.MC,SCYR.MC,"Sacyr, S.A.","SACYR, S.A.",Industrials,Engineering & Construction,Spain,https://www.sacyr.com,3.086,3.086,EUR,2441633792.0,MCE,EQUITY,20.573332,5.09,1.135,3.766,0.0,11.429629,,,4.16364,1.36364,11,11,90.9090909090909,A,2025-02-27,2.44B,34.9202851587816,31.74571378071055,yfinance,2025-05-06
TRE.MC,TRE.MC,"Técnicas Reunidas, S.A.",TÉCNICAS REUNI,Industrials,Engineering & Construction,Spain,https://www.tecnicasreunidas.es,14.05,14.05,EUR,1097262848.0,MCE,EQUITY,12.217392,,1.527,17.62,0.0,8.168605,,,18.0125,1.5,8,8,75.0,A,2025-02-28,1.10B,28.202846975088946,21.15213523131671,yfinance,2025-02-28
ACN,ACN,Accenture plc,ACCENTURE PLC,Technology,Information Technology Services,Ireland,https://www.accenture.com,278.635,278.635,USD,174432763904.0,NYQ,EQUITY,22.951813,2.1,1.315,398.35,275.01,19.803484,2.3915,1.16,360.1225,1.76923,26,8,100.0,E,2025-03-19,174B,29.245249161088882,29.245249161088882,yfinance,2025-06-20
LOW,LOW,"Lowe's Companies, Inc.",LOWE'S COMPANI,Consumer Cyclical,Home Improvement Retail,United States,https://www.lowes.com,212.34,212.34,USD,118848184320.0,NYQ,EQUITY,17.37643,2.1,1.06,287.01,206.39,16.812351,2.2039,1.46,276.51236,2.07895,38,10,80.0,E,2025-02-25,118B,30.22151266836206,24.17721013468965,yfinance,2025-05-25
MET,MET,"MetLife, Inc.","METLIFE, INC.",Financial Services,Insurance - Life,United States,https://www.metlife.com,70.705,70.705,USD,48166227968.0,NYQ,EQUITY,11.903199,3.0,0.878,89.05,65.21,7.296698,0.9882,1.27,90.42857,1.875,16,11,100.0,E,2025-02-04,48.2B,27.895580227706663,27.895580227706663,yfinance,2025-04-30
COP,COP,ConocoPhillips,CONOCOPHILLIPS,Energy,Oil & Gas E&P,United States,https://www.conocophillips.com,86.98,86.98,USD,109957513216.0,NYQ,EQUITY,11.137004,3.51,0.841,130.77,79.88,10.8318815,,1.53,120.93483,1.56667,30,11,90.9090909090909,E,2025-02-05,109B,39.0375143711198,35.48864942829072,yfinance,2025-05-08
APH,APH,Amphenol Corporation,AMPHENOL CORPO,Technology,Electronic Components,United States,https://www.amphenol.com,63.07,63.07,USD,76426960896.0,NYQ,EQUITY,32.848957,1.01,1.178,79.39,54.77,29.199072,2.3655,1.4199998999999999,78.55294,1.94444,18,9,88.88888888888889,E,2025-01-21,76.4B,24.548818772792135,21.821172242481897,yfinance,2025-04-23
SPGI,SPGI,S&P Global Inc.,S&P GLOBAL INC,Financial Services,Financial Data & Stock Exchanges,United States,https://www.spglobal.com,452.585,452.585,USD,138800119808.0,NYQ,EQUITY,36.61691,0.83,1.261,545.39,407.69,26.923557,1.8918,0.8699999999999999,581.8232,1.4,24,8,100.0,E,2025-02-10,138B,28.555564148171086,28.555564148171086,yfinance,2025-04-29
INTU,INTU,Intuit Inc.,INTUIT INC.,Technology,Software - Application,United States,https://www.intuit.com,569.78,569.78,USD,159288836096.0,NMS,EQUITY,53.20075,0.71,1.256,714.78,532.65,25.63113,1.7665,1.43,703.009,1.78788,32,11,90.9090909090909,E,2025-02-24,159B,23.38253360946332,21.256848735875742,yfinance,2025-05-26
PRU.L,PRU.L,Prudential plc,PRUDENTIAL PLC,Financial Services,Insurance - Life,Hong Kong,https://www.prudentialplc.com,787.4,787.4,GBp,20425943040.0,LSE,EQUITY,12.498413,2.26,1.234,850.68,594.8,10.225975,0.7523,,1147.9669,1.66667,15,15,93.33333333333333,A,2025-03-19,20.4B,45.79208788417577,42.739282025230715,yfinance,2025-03-19
CRH.L,CRH.L,CRH plc,CRH PLC,Basic Materials,Building Materials,Ireland,https://www.crh.com,6432.0,6432.0,GBp,43495563264.0,LSE,EQUITY,16.970976,1.74,1.309,8852.0,5596.0,14.043668,1.6219,,8218.125,1.3,11,11,90.9090909090909,A,2025-02-26,43.5B,27.76935634328359,25.24486940298508,yfinance,2025-05-05
FLTR.L,FLTR.L,Flutter Entertainment plc,FLUTTER ENTERT,Consumer Cyclical,Gambling,United States,https://www.flutter.com,17255.0,17255.0,GBp,30494586880.0,LSE,EQUITY,908.1579,,1.335,23700.0,12250.0,26.424194,0.1629,,24384.232,1.54545,23,23,82.6086956521739,A,2025-03-04,30.5B,41.316905244856564,34.131356506620634,yfinance,2025-05-07
SWR.L,SWR.L,Smurfit Westrock Plc,SMURFIT WESTRO,Consumer Cyclical,Packaging & Containers,Ireland,https://www.smurfitwestrock.com,3094.0,3094.0,GBp,16311691264.0,LSE,EQUITY,49.903225,5.88,0.998,4600.0,2913.0,9.153846,0.2853,,4569.535,1.83333,5,5,80.0,A,2025-02-12,16.3B,47.69020685197156,38.15216548157725,yfinance,2025-05-01
SHEL.L,SHEL.L,Shell plc,SHELL PLC,Energy,Oil & Gas Integrated,United Kingdom,https://www.shell.com,2439.0,2439.0,GBp,145247076352.0,LSE,EQUITY,12.769633,4.56,0.288,2961.0,2269.923,7.944626,2.4903,,3129.897,1.4375,15,15,93.33333333333333,A,2025-01-30,145B,28.3270602706027,26.43858958589585,yfinance,2025-05-02
VRN,VRN,Veren Inc.,VEREN INC.,Energy,Oil & Gas E&P,Canada,https://www.vrn.com,6.065,6.065,USD,3710670336.0,NYQ,EQUITY,18.378788,5.21,1.977,9.28,4.39,7.980263,,,7.964608,1.6,14,14,92.85714285714286,A,2025-02-26,3.71B,31.32082440230832,29.083622659286302,yfinance,2025-05-09
DSV.CO,DSV.CO,DSV A/S,DSV A/S,Industrials,Integrated Freight & Logistics,Denmark,https://www.dsv.com,1223.0,1223.0,DKK,287337709568.0,CPH,EQUITY,26.043442,0.57,0.904,1563.5,980.4,20.38673,1.2327,,1717.5625,1.25,15,15,100.0,A,2025-02-04,287B,40.43847097301716,40.43847097301716,yfinance,2025-04-30
3323.HK,3323.HK,China National Building Material Company Limited,CHINA NATIONAL,Basic Materials,Building Materials,China,https://www.cnbmltd.com,4.01,4.01,HKD,30448011264.0,HKG,EQUITY,13.366667,4.22,1.118,4.37,2.01,9.54762,,,4.991224,1.3,9,9,88.88888888888889,A,2025-03-27,30.4B,24.46942643391521,21.750601274591293,yfinance,2025-04-25
0992.HK,0992.HK,LENOVO GROUP,LENOVO GROUP,Technology,Computer Hardware,Hong Kong,https://www.lenovo.com,8.08,8.08,HKD,100229980160.0,HKG,EQUITY,11.222221,4.76,0.974,13.6,6.57,7.4128437,0.4521,,14.156392,1.59091,23,23,91.30434782608695,A,2025-02-20,100B,75.20287128712873,68.66349117520448,yfinance,2025-05-26
2318.HK,2318.HK,"Ping An Insurance (Group) Company of China, Ltd.",PING AN INSURA,Financial Services,Insurance - Life,China,https://www.pingan.cn,43.8,43.8,HKD,896818085888.0,HKG,EQUITY,5.9673023,6.3,0.884,59.8,31.5,5.0989523,0.3409,,62.55575,1.33333,20,20,90.0,A,2025-03-19,896B,42.8213470319635,38.53921232876715,yfinance,2025-04-25
2899.HK,2899.HK,Zijin Mining Group Company Limited,ZIJIN MINING G,Basic Materials,Gold,China,https://www.zjky.cn,17.22,17.22,HKD,484443357184.0,HKG,EQUITY,12.212766,1.91,1.478,20.1,13.52,10.898733,,,22.606594,1.26667,15,15,100.0,A,2025-04-11,484B,31.2810336817654,31.281033681765404,yfinance,2025-04-11
2883.HK,2883.HK,China Oilfield Services Limited,CHINA OILFIELD,Energy,Oil & Gas Equipment & Services,China,https://www.cosl.com.cn,5.91,5.91,HKD,52339314688.0,HKG,EQUITY,8.565217,3.9,0.718,9.34,5.06,5.6826925,,,9.690295,,13,13,84.61538461538461,A,2025-03-25,52.3B,63.96438240270727,54.12370818690615,yfinance,2025-04-23
1299.HK,1299.HK,AIA,AIA,Financial Services,Insurance - Life,Hong Kong,https://www.aia.com,54.25,54.25,HKD,577149468672.0,HKG,EQUITY,11.278586,3.23,0.817,74.6,47.85,11.302083,0.8088,,90.83389,1.27273,22,22,100.0,A,2025-03-14,577B,67.43574193548388,67.43574193548388,yfinance,2025-03-14
0390.HK,0390.HK,CHINA RAILWAY,CHINA RAILWAY,Industrials,Engineering & Construction,Hong Kong,https://www.crec.cn,3.4,3.4,HKD,137765617664.0,HKG,EQUITY,2.9824562,6.77,0.457,5.12,3.06,2.312925,,,4.987319,,7,7,100.0,A,2025-03-28,137B,46.685852941176485,46.68585294117648,yfinance,2025-04-29
2338.HK,2338.HK,"Weichai Power Co., Ltd.",WEICHAI POWER ,Consumer Cyclical,Auto Manufacturers,China,https://www.weichaipower.com,15.06,15.06,HKD,138179575808.0,HKG,EQUITY,10.913044,5.39,1.021,17.88,10.6,9.2392645,,,19.097853,1.33333,17,17,88.23529411764706,A,2025-03-27,138B,26.81177290836654,23.657446683852825,yfinance,2025-04-29
0700.HK,0700.HK,TENCENT,TENCENT,Communication Services,Internet Content & Information,China,https://www.tencent.com,458.0,458.0,HKD,4170676436992.0,HKG,EQUITY,21.272642,0.98,0.628,547.0,306.8,16.887905,1.5441,,618.2989,1.3,50,50,96.0,A,2025-03-19,4.17T,34.9997598253275,33.5997694323144,yfinance,2025-05-14
0914.HK,0914.HK,CONCH CEMENT,CONCH CEMENT,Basic Materials,Building Materials,China,https://www.conch.cn,22.05,22.05,HKD,134221873152.0,HKG,EQUITY,14.411764,4.78,0.791,26.6,16.02,10.114678,1.9635,,26.785286,1.4,14,14,92.85714285714286,A,2025-03-24,134B,21.475219954648516,19.94127567217362,yfinance,2025-04-29
1109.HK,1109.HK,CHINA RES LAND,CHINA RES LAND,Real Estate,Real Estate - Development,Hong Kong,https://www.crland.com.hk,27.35,27.35,HKD,195031203840.0,HKG,EQUITY,7.254642,5.19,0.601,33.7,18.56,6.7199016,0.6838,,33.75033,1.34783,24,24,100.0,A,2025-03-25,195B,23.4015722120658,23.4015722120658,yfinance,2025-03-25
0001.HK,0001.HK,CK Hutchison Holdings Limited,CK HUTCHISON H,Industrials,Conglomerates,Hong Kong,https://www.ckh.com.hk,42.15,42.15,HKD,161436188672.0,HKG,EQUITY,9.450673,5.22,0.773,52.95,35.9,5.9618106,0.7047,,57.13333,1.33333,7,7,85.71428571428571,A,2025-03-20,161B,35.54763938315539,30.469405185561765,yfinance,2025-03-20
0027.HK,0027.HK,GALAXY ENT,GALAXY ENT,Consumer Cyclical,Resorts & Casinos,Hong Kong,https://www.galaxyentertainment.com,27.35,27.35,HKD,119653244928.0,HKG,EQUITY,13.675,3.66,0.731,43.8,24.3,12.662037,0.7383,,43.17286,1.38095,20,20,95.0,A,2025-02-27,119B,57.853235831809855,54.96057404021936,yfinance,2025-05-16
0135.HK,0135.HK,KUNLUN ENERGY,KUNLUN ENERGY,Energy,Oil & Gas Refining & Marketing,Hong Kong,https://www.kunlun.com.hk,7.53,7.53,HKD,65202274304.0,HKG,EQUITY,10.458333,8.53,0.574,9.23,6.81,8.755814,,,8.9415,,17,17,76.47058823529412,A,2025-03-25,65.2B,18.745019920318718,14.334426997890784,yfinance,2025-03-25
0257.HK,0257.HK,EB ENVIRONMENT,EB ENVIRONMENT,Industrials,Waste Management,Hong Kong,https://www.cebenvironment.com,3.41,3.41,HKD,20947562496.0,HKG,EQUITY,6.2,6.74,0.677,4.14,3.12,4.8028173,,,4.36067,,10,10,90.0,A,2025-03-25,20.9B,27.878885630498516,25.090997067448665,yfinance,2025-03-25
0285.HK,0285.HK,BYD ELECTRONIC,BYD ELECTRONIC,Technology,Electronic Components,China,https://www.byd-electronics.com,32.05,32.05,HKD,72215052288.0,HKG,EQUITY,16.186869,1.85,0.448,61.55,23.3,11.3250885,,,51.50588,1.4,19,19,100.0,A,2025-03-24,72.2B,60.70477379095165,60.70477379095165,yfinance,2025-04-25
0857.HK,0857.HK,PETROCHINA,PETROCHINA,Energy,Oil & Gas Integrated,China,https://www.petrochina.com.cn,5.67,5.67,HKD,1479512817664.0,HKG,EQUITY,5.968421,8.96,0.722,8.6,5.07,5.8453608,,,7.687336,1.72222,19,19,89.47368421052632,A,2025-03-30,1.48T,35.57911816578483,31.833947832544318,yfinance,2025-04-29
1114.HK,1114.HK,BRILLIANCE CHI,BRILLIANCE CHI,Consumer Cyclical,Auto Manufacturers,Hong Kong,https://www.brillianceauto.com,2.55,2.55,HKD,12865438720.0,HKG,EQUITY,3.923077,,0.336,8.95,2.37,2.4056604,0.4599,,3.815504,,7,7,85.71428571428571,A,2025-03-21,12.9B,49.62760784313727,42.53794957983194,yfinance,2025-03-21
1211.HK,1211.HK,BYD COMPANY,BYD COMPANY,Consumer Cyclical,Auto Manufacturers,China,https://www.byd.com,366.0,366.0,HKD,1108101562368.0,HKG,EQUITY,25.189264,0.93,0.459,426.6,195.2,21.168304,0.9143,,466.60126,1.37931,29,29,89.65517241379311,A,2025-03-25,1.11T,27.486683060109307,24.64323308837386,yfinance,2025-04-25
1928.HK,1928.HK,SANDS CHINA LTD,SANDS CHINA LT,Consumer Cyclical,Resorts & Casinos,Macau,https://www.sandschina.com,13.04,13.04,HKD,105537675264.0,HKG,EQUITY,13.04,1.92,0.839,22.7,12.2,7.9512196,0.8677,,23.085243,1.38095,20,20,100.0,A,2025-02-21,105B,77.03407208588958,77.03407208588958,yfinance,2025-02-21
2018.HK,2018.HK,AAC Technologies Holdings Inc.,AAC TECHNOLOGI,Technology,Communication Equipment,China,https://www.aactechnologies.com,33.5,33.5,HKD,38531702784.0,HKG,EQUITY,20.807453,0.72,1.212,54.8,23.15,17.539267,0.7199,,56.99002,1.45833,26,26,84.61538461538461,A,2025-03-20,38.5B,70.11946268656718,59.33185304247991,yfinance,2025-03-20
2313.HK,2313.HK,Shenzhou International Group Holdings Limited,SHENZHOU INTER,Consumer Cyclical,Textile Manufacturing,Hong Kong,https://www.shenzhouintl.com,50.05,50.05,HKD,75236155392.0,HKG,EQUITY,11.479358,5.11,1.012,86.9,42.6,10.340909,0.8292,,80.85752,1.34615,28,28,96.42857142857143,A,2025-03-25,75.2B,61.55348651348651,59.355147709433425,yfinance,2025-03-25
2382.HK,2382.HK,Sunny Optical Technology (Group) Company Limited,SUNNY OPTICAL ,Technology,Electronic Components,China,https://www.sunnyoptical.com,61.05,61.05,HKD,66328383488.0,HKG,EQUITY,23.390806,0.87,0.991,96.15,33.3,20.765305,0.8407,,94.86154,1.57143,33,33,87.87878787878788,A,2025-03-24,66.3B,55.38335790335791,48.6702236120418,yfinance,2025-03-24
2386.HK,2386.HK,"SINOPEC Engineering (Group) Co., Ltd.",SINOPEC ENGINE,Industrials,Engineering & Construction,China,https://www.segroup.cn,5.33,5.33,HKD,23420872704.0,HKG,EQUITY,9.033898,7.26,0.535,6.87,4.77,7.5070424,,,6.8576927,1.14286,7,7,100.0,A,2025-03-14,23.4B,28.662151969981252,28.662151969981252,yfinance,2025-03-14
3690.HK,3690.HK,Meituan,MEITUAN,Consumer Cyclical,Internet Retail,China,https://www.meituan.com,136.5,136.5,HKD,833964474368.0,HKG,EQUITY,22.941177,,0.561,217.0,96.35,14.885496,1.0762,,200.68266,1.325,41,41,95.1219512195122,A,2025-03-21,833B,47.020263736263736,44.72659233449477,yfinance,2025-06-09
3908.HK,3908.HK,China International Capital Corporation Limited,CHINA INTERNAT,Financial Services,Capital Markets,China,https://www.cicc.com,13.4,13.4,HKD,128454139904.0,HKG,EQUITY,12.293577,2.2,0.808,24.65,7.81,8.645162,,,19.802584,1.41667,12,12,91.66666666666666,A,2025-03-28,128B,47.780477611940285,43.79877114427859,yfinance,2025-04-28
3993.HK,3993.HK,CMOC Group Limited,CMOC GROUP LIM,Basic Materials,Other Industrial Metals & Mining,China,https://www.cmoc.com,5.53,5.53,HKD,146533400576.0,HKG,EQUITY,8.378788,3.07,1.27,8.57,4.58,7.9000006,,,8.191672,1.5,15,15,86.66666666666667,A,2025-03-21,146B,48.13150090415914,41.713967450271255,yfinance,2025-04-25
6060.HK,6060.HK,"ZhongAn Online P & C Insurance Co., Ltd.",ZHONGAN ONLINE,Financial Services,Insurance - Property & Casualty,China,https://www.zhongan.com,10.9,10.9,HKD,16020928512.0,HKG,EQUITY,25.348835,,0.621,20.7,9.29,17.301586,1.2785,,16.094862,1.53333,14,14,85.71428571428571,A,2025-03-19,16.0B,47.65928440366971,40.85081520314546,yfinance,2025-03-19
1585.HK,1585.HK,YADEA,YADEA,Consumer Cyclical,Auto Manufacturers,China,https://www.yadea.com.cn,14.46,14.46,HKD,44146524160.0,HKG,EQUITY,32.863636,1.52,1.303,17.28,9.0,19.28,,,17.445791,1.21429,16,16,93.75,A,2025-03-25,44.1B,20.648623789764862,19.35808480290456,yfinance,2025-03-25
0083.HK,0083.HK,SINO LAND,SINO LAND,Real Estate,Real Estate - Development,Hong Kong,https://www.sino.com,7.63,7.63,HKD,68782465024.0,HKG,EQUITY,18.166668,7.6,0.477,9.2,7.31,11.921875,,,9.45154,,13,13,84.61538461538461,A,2025-02-26,68.8B,23.873394495412835,20.20056457304163,yfinance,2025-02-26
0669.HK,0669.HK,TECHTRONIC IND,TECHTRONIC IND,Industrials,Tools & Accessories,Hong Kong,https://www.ttigroup.com,76.05,76.05,HKD,139290902528.0,HKG,EQUITY,16.044306,3.1,1.488,122.4,67.1,13.532029,,,126.9081,1.61111,18,18,88.88888888888889,A,2025-03-04,139B,66.87455621301777,59.4440499671269,yfinance,2025-03-04
9618.HK,9618.HK,"JD.com, Inc.","JD.COM, INC.",Consumer Cyclical,Internet Retail,China,https://www.jd.com,139.2,139.2,HKD,426017423360.0,HKG,EQUITY,9.865344,2.79,0.537,192.3,94.65,7.62322,,,203.41135,1.39286,29,29,89.65517241379311,A,2025-03-06,426B,46.128843390804604,41.35689407451448,yfinance,2025-05-19
GXI.DE,GXI.DE,Gerresheimer AG,GERRESHEIMER A,Healthcare,Medical Instruments & Supplies,Germany,https://www.gerresheimer.com,51.85,51.85,EUR,1790898944.0,GER,EQUITY,22.741228,2.41,0.952,109.7,49.56,9.5137615,,,94.26667,1.625,16,16,93.75,A,2025-04-11,1.79B,81.80649951783994,76.69359329797494,yfinance,2025-07-14
SHL.DE,SHL.DE,Siemens Healthineers AG,SIEMENS HEALTH,Healthcare,Medical Devices,Germany,https://www.siemens-healthineers.com,44.66,44.66,EUR,49986596864.0,GER,EQUITY,25.231638,2.13,0.776,58.48,41.21,15.725352,1.5263,,62.28421,1.63158,19,19,84.21052631578947,A,2025-02-06,50.0B,39.46307657859383,33.232064487236904,yfinance,2025-05-07
COA.L,COA.L,Coats Group plc,COATS GROUP PL,Consumer Cyclical,Textile Manufacturing,United Kingdom,https://www.coats.com,73.1,73.1,GBp,1164409856.0,LSE,EQUITY,18.275,3.34,1.23,104.2,64.8,9.1375,,,122.5,,9,9,100.0,A,2025-03-06,1.16B,67.57865937072505,67.57865937072505,yfinance,2025-03-06
IWG.L,IWG.L,International Workplace Group plc,INTERNATIONAL ,Real Estate,Real Estate Services,Switzerland,https://www.iwgplc.com,173.2,173.2,GBp,1737213184.0,LSE,EQUITY,86.6,0.6,1.901,211.0,146.0,0.5660131,,,245.0,1.375,8,8,87.5,A,2025-03-04,1.74B,41.454965357967666,36.27309468822171,yfinance,2025-03-04
INDV.L,INDV.L,Indivior PLC,INDIVIOR PLC,Healthcare,Drug Manufacturers - Specialty & Generic,United States,https://www.indivior.com,688.5,688.5,GBp,858965696.0,LSE,EQUITY,344.25003,,0.322,1540.0,548.707,5.3789062,,,1055.6024,,7,7,100.0,A,2025-02-20,858M,53.31915758896151,53.31915758896151,yfinance,2025-04-24
MAIRE.MI,MAIRE.MI,Maire S.p.A.,MAIRE S.P.A.,Industrials,Engineering & Construction,Italy,https://www.groupmaire.com,8.255,8.255,EUR,2654180608.0,MIL,EQUITY,13.532786,4.31,1.233,10.11,6.42,11.155405,,,10.825,1.75,8,8,75.0,A,2025-03-04,2.65B,31.13264688067836,23.34948516050877,yfinance,2025-04-22
ICOS.MI,ICOS.MI,Intercos S.p.A.,INTERCOS S.P.A,Consumer Defensive,Household & Personal Products,Italy,https://www.intercos.com,12.14,12.14,EUR,1169858944.0,MIL,EQUITY,23.803923,1.62,0.892,16.92,11.34,15.766234,,,17.6,1.42857,7,7,100.0,A,2025-03-04,1.17B,44.97528830313016,44.97528830313016,yfinance,2025-05-07
GTT.PA,GTT.PA,Gaztransport & Technigaz SA,GAZTRANSPORT &,Energy,Oil & Gas Equipment & Services,France,https://www.gtt.fr,136.5,136.5,EUR,5054376448.0,PAR,EQUITY,14.583334,5.38,0.338,160.6,111.3,13.20116,,,179.83333,1.33333,6,6,100.0,A,2025-02-20,5.05B,31.7460293040293,31.7460293040293,yfinance,2025-02-20
LSS.PA,LSS.PA,Lectra SA,LECTRA SA,Technology,Software - Application,France,https://www.lectra.com,25.6,25.6,EUR,972766720.0,PAR,EQUITY,31.219513,1.56,1.075,34.6,23.35,17.258467,,,34.25,1.5,7,7,85.71428571428571,A,2025-02-12,972M,33.7890625,28.96205357142857,yfinance,2025-04-24
XFAB.PA,XFAB.PA,X-FAB Silicon Foundries SE,X-FAB SILICON ,Technology,Semiconductors,Belgium,https://www.xfab.com,4.038,4.038,EUR,527492032.0,PAR,EQUITY,9.848781,,1.6,7.245,3.002,5.9382353,,,5.494491,1.66667,6,6,83.33333333333334,A,2025-02-06,527M,36.06961367013373,30.05801139177811,yfinance,2025-04-24
DEZ.DE,DEZ.DE,DEUTZ Aktiengesellschaft,DEUTZ AKTIENGE,Industrials,Specialty Industrial Machinery,Germany,https://www.deutz.com,6.58,6.58,EUR,913053952.0,GER,EQUITY,16.871796,2.58,1.334,7.945,3.64,13.708333,,,8.64,1.0,5,5,80.0,A,2025-03-20,913M,31.306990881458987,25.04559270516719,yfinance,2025-03-20
STM.DE,STM.DE,Stabilus SE,STABILUS SE,Industrials,Specialty Industrial Machinery,Germany,https://www.stabilus.com,21.95,21.95,EUR,542164992.0,GER,EQUITY,7.4914675,5.24,0.99,61.8,17.48,4.9660635,,,50.57143,1.28571,8,8,87.5,A,2025-01-27,542M,130.3937585421412,114.09453872437354,yfinance,2025-05-05
DMP.DE,DMP.DE,Dermapharm Holding SE,DERMAPHARM HOL,Healthcare,Drug Manufacturers - Specialty & Generic,Germany,https://ir.dermapharm.de,36.5,36.5,EUR,1984004992.0,GER,EQUITY,17.298578,2.47,1.335,42.5,30.15,15.531916,,,51.2,1.4,5,5,80.0,A,2025-03-28,1.98B,40.273972602739725,32.21917808219178,yfinance,2025-05-15
GFT.DE,GFT.DE,GFT Technologies SE,GFT TECHNOLOGI,Technology,Information Technology Services,Germany,https://www.gft.com,22.0,22.0,EUR,579169792.0,GER,EQUITY,12.4293785,2.27,1.528,29.0,17.84,10.837439,,,34.1,,5,5,100.0,A,2025-03-28,579M,55.00000000000001,55.00000000000001,yfinance,2025-05-08
HABA.DE,HABA.DE,Hamborner REIT AG,HAMBORNER REIT,Real Estate,REIT - Diversified,Germany,https://www.hamborner.de,6.13,6.13,EUR,498634400.0,GER,EQUITY,61.3,7.83,0.624,7.03,5.52,32.26316,,,7.84,1.0,5,5,80.0,A,2025-04-17,498M,27.89559543230016,22.31647634584013,yfinance,2025-05-08
CIE.MC,CIE.MC,"CIE Automotive, S.A.",CIE AUTOMOTIVE,Consumer Cyclical,Auto Parts,Spain,https://www.cieautomotive.com,22.1,22.1,EUR,2645767936.0,MCE,EQUITY,8.154982,4.16,0.882,28.45,0.0,8.007247,,,32.69444,,9,9,88.88888888888889,A,2025-02-27,2.65B,47.93864253393665,42.612126696832576,yfinance,2025-05-07
PIRC.MI,PIRC.MI,Pirelli & C. S.p.A.,PIRELLI & C. S,Consumer Cyclical,Auto Parts,Italy,https://www.pirelli.com,5.032,5.032,EUR,5032000000.0,MIL,EQUITY,10.706383,3.93,1.223,6.314,4.692,8.116129,,,6.59286,1.64286,16,16,87.5,A,2025-03-27,5.03B,31.018680445151038,27.14134538950716,yfinance,2025-05-14
AVGO,AVGO,Broadcom Inc.,BROADCOM INC.,Technology,Semiconductors,United States,https://www.broadcom.com,164.34,164.34,USD,772718460928.0,NMS,EQUITY,76.4372,1.38,1.068,251.88,120.054,26.635332,0.4526,1.3300001000000001,241.11555,1.425,43,9,100.0,E,2025-03-05,772B,46.71750638919314,46.71750638919314,yfinance,2025-06-16
DD,DD,"DuPont de Nemours, Inc.",DUPONT DE NEMO,Basic Materials,Specialty Chemicals,United States,https://www.dupont.com,58.75,58.75,USD,24586756096.0,NYQ,EQUITY,33.19209,2.73,1.243,90.06,53.77,13.3826885,0.3284,1.3099999,88.17579,1.5,19,12,83.33333333333334,E,2025-02-10,24.6B,50.086451063829806,41.73870921985817,yfinance,2025-05-02
GPN,GPN,Global Payments Inc.,GLOBAL PAYMENT,Industrials,Specialty Business Services,United States,https://www.globalpayments.com/en-ap,67.085,67.085,USD,16494590976.0,NYQ,EQUITY,10.890422,1.44,0.975,127.66,66.83,5.2410154,0.4844,3.19,111.0884,2.1875,36,2,50.0,E,2025-04-16,16.5B,65.59350078258926,32.79675039129463,yfinance,2025-05-06
TSM,TSM,Taiwan Semiconductor Manufacturing Company Limited,TAIWAN SEMICON,Technology,Semiconductors,Taiwan,https://www.tsmc.com,147.175,147.175,USD,763330494464.0,NYQ,EQUITY,19.213448,1.81,1.307,226.4,125.78,18.214727,1.0213,0.61000003,229.4558,1.33333,18,2,100.0,E,2025-04-16,763B,55.90677764565992,55.90677764565992,yfinance,2025-07-23
FGR.PA,FGR.PA,Eiffage SA,EIFFAGE SA,Industrials,Engineering & Construction,France,https://www.eiffage.com,113.55,113.55,EUR,10476236800.0,PAR,EQUITY,10.388838,4.14,1.039,113.8,81.16,9.908378,,,137.05293,1.58824,17,17,88.23529411764706,A,2025-02-26,10.5B,20.698309114927362,18.263213924935908,yfinance,2025-02-26
SK.PA,SK.PA,SEB SA,SEB SA,Consumer Cyclical,"Furnishings, Fixtures & Appliances",France,https://www.groupeseb.com,77.15,77.15,EUR,4215861760.0,PAR,EQUITY,18.238771,3.63,1.021,119.6,67.5,9.340194,,,125.36364,1.45455,11,11,90.9090909090909,A,2025-02-27,4.22B,62.49337653920932,56.81216049019029,yfinance,2025-02-27
SOP.PA,SOP.PA,Sopra Steria Group SA,SOPRA STERIA G,Technology,Information Technology Services,France,https://www.soprasteria.com,172.3,172.3,EUR,3328836096.0,PAR,EQUITY,11.3280735,2.7,1.16,227.2,148.8,8.904393,,,209.96667,1.44444,8,8,87.5,A,2025-02-27,3.33B,21.861096923969804,19.12845980847358,yfinance,2025-02-27
VK.PA,VK.PA,Vallourec S.A.,VALLOUREC S.A.,Basic Materials,Steel,France,https://www.vallourec.com,15.805,15.805,EUR,3702368512.0,PAR,EQUITY,8.318421,9.49,2.165,19.83,12.81,7.6352663,,,21.85714,1.57143,7,7,85.71428571428571,A,2025-02-27,3.70B,38.292565643783625,32.8221991232431,yfinance,2025-05-15
ACX.MC,ACX.MC,"Acerinox, S.A.","ACERINOX, S.A.",Basic Materials,Steel,Spain,https://www.acerinox.com,9.715,9.715,EUR,2421259776.0,MCE,EQUITY,10.794445,6.38,1.137,11.96,0.0,7.6496067,,,13.52,1.46667,15,15,86.66666666666667,A,2025-02-28,2.42B,39.16623777663406,33.94407273974952,yfinance,2025-05-08
ALM.MC,ALM.MC,"Almirall, S.A.","ALMIRALL, S.A.",Healthcare,Drug Manufacturers - Specialty & Generic,Spain,https://www.almirall.com,9.37,9.37,EUR,1998142976.0,MCE,EQUITY,187.4,1.96,0.307,10.45,0.0,20.369564,0.8975,,12.24,,10,10,90.0,A,2025-02-24,2.00B,30.629669156883676,27.56670224119531,yfinance,2025-05-16
ENC.MC,ENC.MC,"ENCE Energía y Celulosa, S.A.",ENCE ENERGÍA Y,Basic Materials,Paper & Paper Products,Spain,https://ence.es,2.926,2.926,EUR,710043712.0,MCE,EQUITY,22.507694,4.78,0.91,3.63,0.0,9.43871,,,4.09375,,8,8,100.0,A,2025-02-27,710M,39.90943267259055,39.90943267259055,yfinance,2025-04-29
AKE.PA,AKE.PA,Arkema S.A.,ARKEMA S.A.,Basic Materials,Specialty Chemicals,France,https://www.arkema.com,61.35,61.35,EUR,4634943488.0,PAR,EQUITY,13.663697,5.87,1.137,104.4,57.3,6.2923074,,,95.65625,1.5,16,16,87.5,A,2025-02-27,4.63B,55.91890790546048,48.92904441727792,yfinance,2025-05-07
ELIS.PA,ELIS.PA,Elis SA,ELIS SA,Industrials,Specialty Business Services,France,https://www.fr.elis.com/en,21.6,21.6,EUR,5049172992.0,PAR,EQUITY,16.0,1.99,1.614,23.58,16.9,15.652174,,,25.9,1.21429,14,14,92.85714285714286,A,2025-03-06,5.05B,19.907407407407398,18.485449735449727,yfinance,2025-03-06
SSNC,SSNC,"SS&C Technologies Holdings, Inc.",SS&C TECHNOLOG,Technology,Software - Application,United States,https://www.ssctech.com,74.375,74.375,USD,18326446080.0,NMS,EQUITY,24.791666,1.31,1.317,89.73,60.01,12.934783,0.9249,1.11,95.71727,1.5,12,7,100.0,E,2025-02-05,18.3B,28.695489075630242,28.695489075630245,yfinance,2025-04-24
3888.HK,3888.HK,Kingsoft Corporation Limited,KINGSOFT CORPO,Communication Services,Electronic Gaming & Multimedia,Hong Kong,https://www.kingsoft.com,36.55,36.55,HKD,48578969600.0,HKG,EQUITY,31.239317,0.41,0.514,47.5,19.74,28.779528,,,45.467987,1.2,16,16,100.0,A,2025-03-19,48.6B,24.399417236662124,24.399417236662124,yfinance,2025-05-26
PAYS,PAYS,"Paysign, Inc.","PAYSIGN, INC.",Technology,Software - Infrastructure,United States,https://www.paysign.com,2.105,2.105,USD,113138912.0,NCM,EQUITY,30.071428,,0.776,5.59,1.8,15.035714,,1.5,6.05,,5,3,100.0,E,2025-03-24,113M,187.41092636579572,187.41092636579572,yfinance,2025-05-22
GOOGL,GOOGL,Alphabet Inc.,ALPHABET INC.,Communication Services,Internet Content & Information,United States,https://abc.xyz,147.43,147.43,USD,1808966090752.0,NMS,EQUITY,18.337065,0.53,1.035,207.05,140.53,16.45424,1.0912,1.16,203.8388,1.57576,63,24,66.66666666666666,E,2025-02-03,1.81T,38.26141219561825,25.507608130412162,yfinance,2025-04-24
BSX,BSX,Boston Scientific Corporation,BOSTON SCIENTI,Healthcare,Medical Devices,United States,https://www.bostonscientific.com,94.1,94.1,USD,139180474368.0,NYQ,EQUITY,75.28,,0.731,107.17,66.8,33.7276,1.8698,0.89,114.93515,1.5,34,13,84.61538461538461,E,2025-02-04,139B,22.141498405951122,18.735114035804795,yfinance,2025-04-23
LADR,LADR,Ladder Capital Corp,LADDER CAPITAL,Real Estate,REIT - Mortgage,United States,https://www.laddercapital.com,10.0,10.0,USD,1271059968.0,NYQ,EQUITY,11.627907,8.98,1.491,12.48,9.68,8.0,,0.8200000000000001,13.20833,1.66667,7,2,100.0,E,2025-02-05,1.27B,32.083299999999994,32.083299999999994,yfinance,2025-04-24
TABREED.AE,TABREED.AE,National Central Cooling Company PJSC,NATIONAL CENTR,Utilities,Utilities - Regulated Water,United Arab Emirates,https://www.tabreed.ae,2.56,2.56,AED,7283891200.0,DFM,EQUITY,12.799999,6.08,0.168,3.44,2.49,11.636363,,,3.69714,,6,6,100.0,A,2025-02-14,7.28B,44.41953125,44.41953125,yfinance,2025-02-14
SPINNEYS.AE,SPINNEYS.AE,SPINNEYS 1961 HOLD,SPINNEYS 1961 ,Consumer Defensive,Grocery Stores,United Arab Emirates,https://www.spinneys.com,1.48,1.48,AED,5328000000.0,DFM,EQUITY,18.5,3.72,,1.77,1.36,15.704584,,,1.95,,5,5,100.0,A,2025-02-11,5.33B,31.756756756756754,31.756756756756754,yfinance,2025-02-11
QCRH,QCRH,"QCR Holdings, Inc.","QCR HOLDINGS, ",Financial Services,Banks - Regional,United States,https://www.qcrh.com,65.9,65.9,USD,1114981888.0,NGM,EQUITY,9.821162,0.36,0.818,96.08,54.75,9.482015,,1.3599999999999999,92.8,,5,1,100.0,E,2025-01-21,1.11B,40.819423368740495,40.819423368740495,yfinance,2025-04-22
BFST,BFST,"Business First Bancshares, Inc.",BUSINESS FIRST,Financial Services,Banks - Regional,United States,https://www.b1bank.com,22.7,22.7,USD,671291264.0,NMS,EQUITY,10.044249,2.46,0.741,30.298,18.97,8.664123,,0.8200000000000001,31.5,1.2,5,5,100.0,A,2025-01-22,671M,38.766519823788556,38.766519823788556,yfinance,2025-04-25
SGHC,SGHC,Super Group (SGHC) Limited,SUPER GROUP (S,Consumer Cyclical,Gambling,Guernsey,https://www.sghc.com,7.43,7.43,USD,3756890368.0,NYQ,EQUITY,29.72,2.09,1.07,8.51,2.9,15.808511,,1.5,10.6,1.2,4,1,100.0,E,2025-04-02,3.76B,42.66487213997308,42.66487213997308,yfinance,2025-05-08
OBK,OBK,"Origin Bancorp, Inc.",ORIGIN BANCORP,Financial Services,Banks - Regional,United States,https://www.origin.bank,30.19,30.19,USD,943256384.0,NYQ,EQUITY,12.322449,1.96,0.776,41.165,28.8,12.076,,1.28,42.0,,5,8,87.5,E,2025-01-21,943M,39.118913547532294,34.229049354090755,yfinance,2025-04-23
DCO,DCO,Ducommun Incorporated,DUCOMMUN INCOR,Industrials,Aerospace & Defense,United States,https://www.ducommun.com,55.205,55.205,USD,820528512.0,NYQ,EQUITY,26.288097,,1.276,70.5,51.76,13.530638,,1.23000005,79.2,1.4,5,1,100.0,E,2025-02-26,820M,43.465265827370715,43.465265827370715,yfinance,2025-05-12
LXFR,LXFR,Luxfer Holdings PLC,LUXFER HOLDING,Industrials,Specialty Industrial Machinery,United States,https://www.luxfer.com,9.58,9.58,USD,256189312.0,NYQ,EQUITY,14.088235,5.28,0.943,15.64,9.38,9.12381,1.2312,0.9299999999999999,17.0,0.0,24,24,91.66666666666666,A,2025-02-24,256M,77.45302713987473,70.99860821155184,yfinance,2025-04-29
LYXGRE.DE,LYXGRE.DE,,LYXGRE.DE,,,,,,,,,,,,,,,,,,,,,0,0,,,,,,,yfinance,
DIE.BR,DIE.BR,D'Ieteren Group SA,D'IETEREN GROU,Consumer Cyclical,Auto & Truck Dealerships,Belgium,https://www.dieterengroup.com,164.5,164.5,EUR,8731166720.0,BRU,EQUITY,23.909883,2.28,1.188,228.4,140.0,11.75,,,209.0,,6,6,83.33333333333334,A,2025-03-10,8.73B,27.051671732522784,22.54305977710232,yfinance,2025-03-10
AZE.BR,AZE.BR,Azelis Group NV,AZELIS GROUP N,Basic Materials,Specialty Chemicals,Belgium,https://www.azelis.com,15.08,15.08,EUR,3671346688.0,BRU,EQUITY,20.378378,1.53,0.642,23.5,14.01,13.113044,,,24.82667,1.6,15,15,86.66666666666667,A,2025-02-20,3.67B,64.6330901856764,56.01534482758621,yfinance,2025-02-20
COR.LS,COR.LS,"Corticeira Amorim, S.G.P.S., S.A.",CORTICEIRA AMO,Basic Materials,Lumber & Wood Production,Portugal,https://www.amorim.com/en,7.36,7.36,EUR,978880000.0,LIS,EQUITY,14.153847,5.43,0.455,9.95,7.02,11.5,,,11.01286,,7,7,85.71428571428571,A,2025-02-21,978M,49.631249999999994,42.54107142857142,yfinance,2025-05-07
CADLR.OL,CADLR.OL,Cadeler A/S,CADELER A/S,Industrials,Engineering & Construction,Denmark,https://www.cadeler.com,54.0,54.0,NOK,18947194880.0,OSL,EQUITY,23.684212,,0.555,77.5,44.02,9.27835,,,87.15606,1.14286,7,7,100.0,A,2025-03-25,18.9B,61.4001111111111,61.4001111111111,yfinance,2025-05-21
QDT.PA,QDT.PA,Quadient S.A.,QUADIENT S.A.,Technology,Software - Application,France,https://www.quadient.com,15.9,15.9,EUR,536016032.0,PAR,EQUITY,8.324607,4.4,1.027,23.1,14.34,5.9999995,,,24.46667,1.5,6,6,83.33333333333334,A,2025-03-26,536M,53.878427672955965,44.89868972746331,yfinance,2025-03-26
GLO.PA,GLO.PA,GL Events SA,GL EVENTS SA,Industrials,Specialty Business Services,France,https://www.gl-events.com,20.95,20.95,EUR,615043840.0,PAR,EQUITY,9.229075,4.3,1.324,21.6,15.08,8.621399,,,28.2,1.14286,7,7,100.0,A,2025-03-05,615M,34.60620525059666,34.60620525059666,yfinance,2025-03-05
SCHP.PA,SCHP.PA,Séché Environnement SA,SÉCHÉ ENVIRONN,Industrials,Waste Management,France,https://www.groupe-seche.com,78.3,78.3,EUR,611167552.0,PAR,EQUITY,14.41989,1.53,0.625,109.2,69.1,9.824342,,,111.8,1.2,5,5,100.0,A,2025-03-05,611M,42.78416347381864,42.78416347381864,yfinance,2025-03-05
VAC.PA,VAC.PA,Pierre et Vacances SA,PIERRE ET VACA,Consumer Cyclical,Lodging,France,https://www.groupepvcp.com,1.384,1.384,EUR,639185152.0,PAR,EQUITY,34.6,,2.357,1.68,1.242,11.533333,,,1.98333,1.16667,6,6,100.0,A,2025-01-23,639M,43.30419075144509,43.30419075144509,yfinance,2025-05-28
BTC-USD,BTC-USD,Bitcoin USD,BITCOIN USD,,,,,88033.945,88033.945,USD,1747853246464.0,CCC,CRYPTOCURRENCY,,,,109114.88,49121.24,,,,,,0,0,,,,1.75T,,,yfinance,
ETH-USD,ETH-USD,Ethereum USD,ETHEREUM USD,,,,,1624.6863,1624.6863,USD,196112891904.0,CCC,CRYPTOCURRENCY,,,,4106.9556,1386.7993,,,,,,0,0,,,,196B,,,yfinance,
