symbol,companyName,marketCap,volume,sector,industry,exchangeShortName,exchange
MSFT,Microsoft Corporation,3150184593500,11920235,Technology,Software - Infrastructure,NASDAQ,NASDAQ Global Select
AAPL,Apple Inc.,3019130949000,52724576,Technology,Consumer Electronics,NASDAQ,NASDAQ Global Select
NVDA,NVIDIA Corporation,2973639290400,40052531,Technology,Semiconductors,NASDAQ,NASDAQ Global Select
GOOGL,Alphabet Inc.,2164959346787,17955574,Communication Services,Internet Content & Information,NASDAQ,NASDAQ Global Select
GOOG,Alphabet Inc.,2164348619952,14386702,Communication Services,Internet Content & Information,NASDAQ,NASDAQ Global Select
AMZN,"Amazon.com, Inc.",1917936380000,26179558,Consumer Cyclical,Specialty Retail,NASDAQ,NASDAQ Global Select
META,"Meta Platforms, Inc.",1250409947049,8774950,Communication Services,Internet Content & Information,NASDAQ,NASDAQ Global Select
BRK-B,Berkshire Hathaway Inc.,894270877470,2908621,Financial Services,Insurance - Diversified,NYSE,New York Stock Exchange
BRK-A,Berkshire Hathaway Inc.,891847547888,2297,Financial Services,Insurance - Diversified,NYSE,New York Stock Exchange
LLY,Eli Lilly and Company,807834745950,2456311,Healthcare,Drug Manufacturers - General,NYSE,New York Stock Exchange
TSM,Taiwan Semiconductor Manufacturing Company Limited,694837510225,13992038,Technology,Semiconductors,NYSE,New York Stock Exchange
AVGO,Broadcom Inc.,651866515440,1776516,Technology,Semiconductors,NASDAQ,NASDAQ Global Select
NVO,Novo Nordisk A/S,629364407482,3474095,Healthcare,Biotechnology,NYSE,New York Stock Exchange
JPM,JPMorgan Chase & Co.,574190416500,6806194,Financial Services,Banks - Diversified,NYSE,New York Stock Exchange
TSLA,"Tesla, Inc.",566019216000,55812454,Consumer Cyclical,Auto - Manufacturers,NASDAQ,NASDAQ Global Select
V,Visa Inc.,557617881921,4457982,Financial Services,Financial - Credit Services,NYSE,New York Stock Exchange
WMT,Walmart Inc.,530978965200,19643348,Consumer Defensive,Discount Stores,NYSE,New York Stock Exchange
XOM,Exxon Mobil Corporation,505788607500,13254674,Energy,Oil & Gas Integrated,NYSE,New York Stock Exchange
UNH,UnitedHealth Group Incorporated,451623715650,3207845,Healthcare,Medical - Healthcare Plans,NYSE,New York Stock Exchange
MA,Mastercard Incorporated,414917781300,1649975,Financial Services,Financial - Credit Services,NYSE,New York Stock Exchange
ASML,ASML Holding N.V.,404603200304,838649,Technology,Semiconductors,NASDAQ,NASDAQ Global Select
PG,The Procter & Gamble Company,394284988400,4213025,Consumer Defensive,Household & Personal Products,NYSE,New York Stock Exchange
COST,Costco Wholesale Corporation,375018112320,1492073,Consumer Defensive,Discount Stores,NASDAQ,NASDAQ Global Select
JNJ,Johnson & Johnson,353974494400,3539711,Healthcare,Drug Manufacturers - General,NYSE,New York Stock Exchange
ORCL,Oracle Corporation,346092379200,11474281,Technology,Software - Infrastructure,NYSE,New York Stock Exchange
MRK,"Merck & Co., Inc.",330962282700,4398402,Healthcare,Drug Manufacturers - General,NYSE,New York Stock Exchange
HD,"The Home Depot, Inc.",324287526420,1904365,Consumer Cyclical,Home Improvement,NYSE,New York Stock Exchange
BAC,Bank of America Corporation,311094318600,22227009,Financial Services,Banks - Diversified,NYSE,New York Stock Exchange
ABBV,AbbVie Inc.,299173695400,3745466,Healthcare,Drug Manufacturers - General,NYSE,New York Stock Exchange
CVX,Chevron Corporation,287650757600,5857865,Energy,Oil & Gas Integrated,NYSE,New York Stock Exchange
NFLX,"Netflix, Inc.",276451118550,1603211,Communication Services,Entertainment,NASDAQ,NASDAQ Global Select
KO,The Coca-Cola Company,275321084500,8978032,Consumer Defensive,Beverages - Non-Alcoholic,NYSE,New York Stock Exchange
AMD,"Advanced Micro Devices, Inc.",271329959700,43442681,Technology,Semiconductors,NASDAQ,NASDAQ Global Select
TM,Toyota Motor Corporation,256591832580,533087,Consumer Cyclical,Auto - Manufacturers,NYSE,New York Stock Exchange
AZN,AstraZeneca PLC,248103610400,2037016,Healthcare,Drug Manufacturers - General,NASDAQ,NASDAQ Global Select
PEP,"PepsiCo, Inc.",235144081600,3317437,Consumer Defensive,Beverages - Non-Alcoholic,NASDAQ,NASDAQ Global Select
CRM,"Salesforce, Inc.",234352650000,6126315,Technology,Software - Application,NYSE,New York Stock Exchange
QCOM,QUALCOMM Incorporated,230587920000,5418563,Technology,Semiconductors,NASDAQ,NASDAQ Global Select
SAP,SAP SE,223056663866,494532,Technology,Software - Application,NYSE,New York Stock Exchange
SHEL,Shell plc,222816087750,2869820,Energy,Oil & Gas Integrated,NYSE,New York Stock Exchange
TMO,Thermo Fisher Scientific Inc.,221811350440,989190,Healthcare,Medical - Diagnostics & Research,NYSE,New York Stock Exchange
TMUS,"T-Mobile US, Inc.",210722067000,5834944,Communication Services,Telecommunications Services,NASDAQ,NASDAQ Global Select
ADBE,Adobe Inc.,208512640000,2459289,Technology,Software - Infrastructure,NASDAQ,NASDAQ Global Select
LIN,Linde plc,208486529200,1425807,Basic Materials,Chemicals - Specialty,NASDAQ,NASDAQ Global Select
NVS,Novartis AG,206076695027,844406,Healthcare,Drug Manufacturers - General,NYSE,New York Stock Exchange
WFC,Wells Fargo & Company,203461635200,10826682,Financial Services,Banks - Diversified,NYSE,New York Stock Exchange
DHR,Danaher Corporation,194859935960,3624684,Healthcare,Medical - Diagnostics & Research,NYSE,New York Stock Exchange
PDD,PDD Holdings Inc.,191183683546,4167362,Consumer Cyclical,Specialty Retail,NASDAQ,NASDAQ Global Select
ABT,Abbott Laboratories,187149395400,7242410,Healthcare,Medical - Devices,NYSE,New York Stock Exchange
DIS,The Walt Disney Company,185111481600,5945626,Communication Services,Entertainment,NYSE,New York Stock Exchange
MCD,McDonald's Corporation,184728691050,2266834,Consumer Cyclical,Restaurants,NYSE,New York Stock Exchange
CSCO,"Cisco Systems, Inc.",184680650400,15504657,Technology,Communication Equipment,NASDAQ,NASDAQ Global Select
AMAT,"Applied Materials, Inc.",183586896750,3527057,Technology,Semiconductors,NASDAQ,NASDAQ Global Select
ACN,Accenture plc,181325443600,2211571,Technology,Information Technology Services,NYSE,New York Stock Exchange
TXN,Texas Instruments Incorporated,178099384020,3277274,Technology,Semiconductors,NASDAQ,NASDAQ Global Select
BABA,Alibaba Group Holding Limited,177367515590,11696066,Consumer Cyclical,Specialty Retail,NYSE,New York Stock Exchange
GE,General Electric Company,177239251200,3335008,Industrials,Aerospace & Defense,NYSE,New York Stock Exchange
VZ,Verizon Communications Inc.,172327104400,10349807,Communication Services,Telecommunications Services,NYSE,New York Stock Exchange
AXP,American Express Company,167360229010,2170128,Financial Services,Financial - Credit Services,NYSE,New York Stock Exchange
HSBC,HSBC Holdings plc,166241065200,936229,Financial Services,Banks - Diversified,NYSE,New York Stock Exchange
TTE,TotalEnergies SE,163944651918,1434839,Energy,Oil & Gas Integrated,NYSE,New York Stock Exchange
AMGN,Amgen Inc.,163623403395,1592617,Healthcare,Drug Manufacturers - General,NASDAQ,NASDAQ Global Select
PFE,Pfizer Inc.,161951142200,26277573,Healthcare,Drug Manufacturers - General,NYSE,New York Stock Exchange
PM,Philip Morris International Inc.,161067961600,2121658,Consumer Defensive,Tobacco,NYSE,New York Stock Exchange
CAT,Caterpillar Inc.,160869093820,2479612,Industrials,Agricultural - Machinery,NYSE,New York Stock Exchange
INTU,Intuit Inc.,160432023300,1015065,Technology,Software - Application,NASDAQ,NASDAQ Global Select
MS,Morgan Stanley,157868042400,4013211,Financial Services,Financial - Capital Markets,NYSE,New York Stock Exchange
IBM,International Business Machines Corporation,156171696030,3452695,Technology,Information Technology Services,NYSE,New York Stock Exchange
NEE,"NextEra Energy, Inc.",154891016700,9887119,Utilities,Regulated Electric,NYSE,New York Stock Exchange
CMCSA,Comcast Corporation,152496452800,14768059,Communication Services,Telecommunications Services,NASDAQ,NASDAQ Global Select
RY,Royal Bank of Canada,149824781400,361215,Financial Services,Banks - Diversified,NYSE,New York Stock Exchange
ISRG,"Intuitive Surgical, Inc.",148128772660,1182670,Healthcare,Medical - Instruments & Supplies,NASDAQ,NASDAQ Global Select
BHP,BHP Group Limited,147433914735,1642250,Basic Materials,Industrial Materials,NYSE,New York Stock Exchange
GS,"The Goldman Sachs Group, Inc.",146692098240,1303947,Financial Services,Financial - Capital Markets,NYSE,New York Stock Exchange
NKE,"NIKE, Inc.",145738511880,9147566,Consumer Cyclical,Apparel - Footwear & Accessories,NYSE,New York Stock Exchange
MU,"Micron Technology, Inc.",144999027800,11405508,Technology,Semiconductors,NASDAQ,NASDAQ Global Select
UBER,"Uber Technologies, Inc.",144824631200,13813294,Technology,Software - Application,NYSE,New York Stock Exchange
RTX,Raytheon Technologies Corporation,143733326100,3497321,Industrials,Aerospace & Defense,NYSE,New York Stock Exchange
NOW,"ServiceNow, Inc.",143256050000,1108800,Technology,Software - Application,NYSE,New York Stock Exchange
BX,Blackstone Inc.,142208356671,2775380,Financial Services,Asset Management,NYSE,New York Stock Exchange
ARM,Arm Holdings plc American Depositary Shares,142077935839,6438781,Technology,Semiconductors,NASDAQ,NASDAQ
HDB,HDFC Bank Limited,141979319383,1134300,Financial Services,Banks - Regional,NYSE,New York Stock Exchange
UNP,Union Pacific Corporation,139089512340,1772571,Industrials,Railroads,NYSE,New York Stock Exchange
UL,Unilever PLC,138951301012,1777545,Consumer Defensive,Household & Personal Products,NYSE,New York Stock Exchange
HON,Honeywell International Inc.,135954613080,2561822,Industrials,Conglomerates,NASDAQ,NASDAQ Global Select
SPGI,S&P Global Inc.,134152746000,806158,Financial Services,Financial - Data & Stock Exchanges,NYSE,New York Stock Exchange
SYK,Stryker Corporation,133077263500,678478,Healthcare,Medical - Devices,NYSE,New York Stock Exchange
SCHW,The Charles Schwab Corporation,131394310400,5200450,Financial Services,Financial - Capital Markets,NYSE,New York Stock Exchange
INTC,Intel Corporation,130860180000,32135422,Technology,Semiconductors,NASDAQ,NASDAQ Global Select
COP,ConocoPhillips,130402720000,4360503,Energy,Oil & Gas Exploration & Production,NYSE,New York Stock Exchange
T,AT&T Inc.,129780077000,35435682,Communication Services,Telecommunications Services,NYSE,New York Stock Exchange
BKNG,Booking Holdings Inc.,129368610975,159771,Consumer Cyclical,Travel Services,NASDAQ,NASDAQ Global Select
ETN,Eaton Corporation plc,125869034000,2376255,Industrials,Industrial - Machinery,NYSE,New York Stock Exchange
LRCX,Lam Research Corporation,125866975520,476192,Technology,Semiconductors,NASDAQ,NASDAQ Global Select
ELV,Elevance Health Inc.,125259356920,495706,Healthcare,Medical - Healthcare Plans,NYSE,New York Stock Exchange
BUD,Anheuser-Busch InBev SA/NV,124890217822,729112,Consumer Defensive,Beverages - Alcoholic,NYSE,New York Stock Exchange
VRTX,Vertex Pharmaceuticals Incorporated,124649921120,940327,Healthcare,Biotechnology,NASDAQ,NASDAQ Global Select
PGR,The Progressive Corporation,124478395940,2056220,Financial Services,Insurance - Property & Casualty,NYSE,New York Stock Exchange
LOW,"Lowe's Companies, Inc.",123466149450,1581818,Consumer Cyclical,Home Improvement,NYSE,New York Stock Exchange
SNY,Sanofi,122735025592,844946,Healthcare,Drug Manufacturers - General,NASDAQ,NASDAQ Global Select
MUFG,"Mitsubishi UFJ Financial Group, Inc.",121952241694,1441264,Financial Services,Banks - Diversified,NYSE,New York Stock Exchange
TJX,"The TJX Companies, Inc.",121423316000,7941275,Consumer Cyclical,Apparel - Retail,NYSE,New York Stock Exchange
C,Citigroup Inc.,117841643200,7140425,Financial Services,Banks - Diversified,NYSE,New York Stock Exchange
UPS,"United Parcel Service, Inc.",117759127134,3201238,Industrials,Integrated Freight & Logistics,NYSE,New York Stock Exchange
BA,The Boeing Company,116785292160,3349923,Industrials,Aerospace & Defense,NYSE,New York Stock Exchange
ADI,"Analog Devices, Inc.",116496865090,2203357,Technology,Semiconductors,NASDAQ,NASDAQ Global Select
BLK,"BlackRock, Inc.",114227334000,463852,Financial Services,Asset Management,NYSE,New York Stock Exchange
RIO,Rio Tinto Group,113949116808,1759619,Basic Materials,Industrial Materials,NYSE,New York Stock Exchange
BSX,Boston Scientific Corporation,113365579800,5585951,Healthcare,Medical - Devices,NYSE,New York Stock Exchange
LMT,Lockheed Martin Corporation,112802051940,1038507,Industrials,Aerospace & Defense,NYSE,New York Stock Exchange
MDT,Medtronic plc,110244353800,6932423,Healthcare,Medical - Devices,NYSE,New York Stock Exchange
REGN,"Regeneron Pharmaceuticals, Inc.",108686682650,238189,Healthcare,Biotechnology,NASDAQ,NASDAQ Global Select
CB,Chubb Limited,108507620420,1514453,Financial Services,Insurance - Property & Casualty,NYSE,New York Stock Exchange
KLAC,KLA Corporation,103534120800,713331,Technology,Semiconductors,NASDAQ,NASDAQ Global Select
MMC,"Marsh & McLennan Companies, Inc.",103467112760,1639062,Financial Services,Insurance - Brokers,NYSE,New York Stock Exchange
SONY,Sony Group Corporation,103295121394,389814,Technology,Consumer Electronics,NYSE,New York Stock Exchange
ADP,"Automatic Data Processing, Inc.",103272305120,1649460,Industrials,Staffing & Employment Services,NASDAQ,NASDAQ Global Select
PLD,"Prologis, Inc.",102028008800,3061198,Real Estate,REIT - Industrial,NYSE,New York Stock Exchange
DE,Deere & Company,101569590600,1049034,Industrials,Agricultural - Machinery,NYSE,New York Stock Exchange
UBS,UBS Group AG,101387268791,1333712,Financial Services,Banks - Diversified,NYSE,New York Stock Exchange
RY-PT,Royal Bank of Canada,98818866872,102,Financial Services,Banks - Diversified,NYSE,New York Stock Exchange
TD,The Toronto-Dominion Bank,97799487000,1068909,Financial Services,Banks - Diversified,NYSE,New York Stock Exchange
PANW,"Palo Alto Networks, Inc.",97755220000,2600586,Technology,Software - Infrastructure,NASDAQ,NASDAQ Global Select
BP,BP p.l.c.,97126279240,8123912,Energy,Oil & Gas Integrated,NYSE,New York Stock Exchange
CI,Cigna Corporation,96045419400,836894,Healthcare,Medical - Healthcare Plans,NYSE,New York Stock Exchange
PBR,Petróleo Brasileiro S.A. - Petrobras,95162714020,31618173,Energy,Oil & Gas Integrated,NYSE,New York Stock Exchange
ABNB,"Airbnb, Inc.",94455461948,2566490,Consumer Cyclical,Travel Services,NASDAQ,NASDAQ Global Select
IBN,ICICI Bank Limited,93809414600,2680498,Financial Services,Banks - Regional,NYSE,New York Stock Exchange
ANET,"Arista Networks, Inc.",93003004770,1239303,Technology,Computer Hardware,NYSE,New York Stock Exchange
DELL,Dell Technologies Inc.,92771332959,18139808,Technology,Computer Hardware,NYSE,New York Stock Exchange
SBUX,Starbucks Corporation,92235761000,10378289,Consumer Cyclical,Restaurants,NASDAQ,NASDAQ Global Select
MDLZ,"Mondelez International, Inc.",90957621600,3968983,Consumer Defensive,Food Confectioners,NASDAQ,NASDAQ Global Select
AMT,American Tower Corporation,90714563500,2127046,Real Estate,REIT - Specialty,NYSE,New York Stock Exchange
FI,"Fiserv, Inc.",88596144840,1741848,Technology,Information Technology Services,NYSE,New York Stock Exchange
HCA,"HCA Healthcare, Inc.",88380260160,697136,Healthcare,Medical - Care Facilities,NYSE,New York Stock Exchange
SNPS,"Synopsys, Inc.",87555283200,414702,Technology,Software - Infrastructure,NASDAQ,NASDAQ Global Select
CMG,"Chipotle Mexican Grill, Inc.",87043472340,251823,Consumer Cyclical,Restaurants,NYSE,New York Stock Exchange
KKR,KKR & Co. Inc.,86956521980,4712535,Financial Services,Asset Management,NYSE,New York Stock Exchange
SO,The Southern Company,85221934200,2943427,Utilities,Regulated Electric,NYSE,New York Stock Exchange
SCCO,Southern Copper Corporation,85067997300,1404945,Basic Materials,Copper,NYSE,New York Stock Exchange
CRWD,"CrowdStrike Holdings, Inc.",84972748661,4314678,Technology,Software - Infrastructure,NASDAQ,NASDAQ Global Select
SMFG,"Sumitomo Mitsui Financial Group, Inc.",84485932350,433114,Financial Services,Banks - Diversified,NYSE,New York Stock Exchange
BMY,Bristol-Myers Squibb Company,84084108000,13199410,Healthcare,Drug Manufacturers - General,NYSE,New York Stock Exchange
GSK,GSK plc,84028426300,2781547,Healthcare,Drug Manufacturers - General,NYSE,New York Stock Exchange
RELX,RELX PLC,83707255889,557535,Communication Services,Publishing,NYSE,New York Stock Exchange
GD,General Dynamics Corporation,82073246960,683268,Industrials,Aerospace & Defense,NYSE,New York Stock Exchange
EQNR,Equinor ASA,81826118268,1749415,Energy,Oil & Gas Integrated,NYSE,New York Stock Exchange
MELI,"MercadoLibre, Inc.",81123951584,245138,Consumer Cyclical,Specialty Retail,NASDAQ,NASDAQ Global Select
ZTS,Zoetis Inc.,80727711400,1819212,Healthcare,Drug Manufacturers - Specialty & Generic,NYSE,New York Stock Exchange
GILD,"Gilead Sciences, Inc.",80606495000,5554931,Healthcare,Drug Manufacturers - General,NASDAQ,NASDAQ Global Select
WM,"Waste Management, Inc.",80437195650,2014136,Industrials,Waste Management,NYSE,New York Stock Exchange
MO,"Altria Group, Inc.",80213321000,6411741,Consumer Defensive,Tobacco,NYSE,New York Stock Exchange
CDNS,"Cadence Design Systems, Inc.",80121692280,926687,Technology,Software - Application,NASDAQ,NASDAQ Global Select
SHOP,Shopify Inc.,79277872274,7009166,Technology,Software - Application,NYSE,New York Stock Exchange
DUK,Duke Energy Corporation,79198934780,1302572,Utilities,Regulated Electric,NYSE,New York Stock Exchange
CNI,Canadian National Railway Company,78965144000,581128,Industrials,Railroads,NYSE,New York Stock Exchange
SAN,"Banco Santander, S.A.",78725866538,1180179,Financial Services,Banks - Diversified,NYSE,New York Stock Exchange
APH,Amphenol Corporation,78462906560,2216359,Technology,"Hardware, Equipment & Parts",NYSE,New York Stock Exchange
CVS,CVS Health Corporation,77556758600,12120284,Healthcare,Medical - Healthcare Plans,NYSE,New York Stock Exchange
CL,Colgate-Palmolive Company,77031205490,2468427,Consumer Defensive,Household & Personal Products,NYSE,New York Stock Exchange
TRI,Thomson Reuters Corporation,76928168250,271535,Industrials,Specialty Business Services,NYSE,New York Stock Exchange
ICE,"Intercontinental Exchange, Inc.",76739937150,1810299,Financial Services,Financial - Data & Stock Exchanges,NYSE,New York Stock Exchange
MCK,McKesson Corporation,76288782813,529626,Healthcare,Medical - Distribution,NYSE,New York Stock Exchange
ENB,Enbridge Inc.,76028978400,3408150,Energy,Oil & Gas Midstream,NYSE,New York Stock Exchange
DEO,Diageo plc,75517041650,541315,Consumer Defensive,Beverages - Wineries & Distilleries,NYSE,New York Stock Exchange
CNQ,Canadian Natural Resources Limited,75088072430,1854716,Energy,Oil & Gas Exploration & Production,NYSE,New York Stock Exchange
INFY,Infosys Limited,74775718982,11118520,Technology,Information Technology Services,NYSE,New York Stock Exchange
RACE,Ferrari N.V.,74375146270,165653,Consumer Cyclical,Auto - Manufacturers,NYSE,New York Stock Exchange
ATVI,"Activision Blizzard, Inc.",74289468671,7127746,Technology,Electronic Gaming & Multimedia,NASDAQ,NASDAQ Global Select
SHW,The Sherwin-Williams Company,74023630550,2995557,Basic Materials,Chemicals - Specialty,NYSE,New York Stock Exchange
MCO,Moody's Corporation,73715620000,631136,Financial Services,Financial - Data & Stock Exchanges,NYSE,New York Stock Exchange
TDG,TransDigm Group Incorporated,73305635000,294653,Industrials,Aerospace & Defense,NYSE,New York Stock Exchange
TT,Trane Technologies plc,72213078560,903010,Industrials,Construction,NYSE,New York Stock Exchange
CP,Canadian Pacific Railway Limited,72032807150,1717237,Industrials,Railroads,NYSE,New York Stock Exchange
CME,CME Group Inc.,71781960320,1797402,Financial Services,Financial - Data & Stock Exchanges,NASDAQ,NASDAQ Global Select
ITW,Illinois Tool Works Inc.,71741328000,659472,Industrials,Industrial - Machinery,NYSE,New York Stock Exchange
EQIX,"Equinix, Inc.",71501005323,375585,Real Estate,REIT - Specialty,NASDAQ,NASDAQ Global Select
FCX,Freeport-McMoRan Inc.,70775862300,15069990,Basic Materials,Copper,NYSE,New York Stock Exchange
PYPL,"PayPal Holdings, Inc.",70399165000,10776265,Financial Services,Financial - Credit Services,NASDAQ,NASDAQ Global Select
BDX,"Becton, Dickinson and Company",69543513780,1289085,Healthcare,Medical - Instruments & Supplies,NYSE,New York Stock Exchange
NXPI,NXP Semiconductors N.V.,69517922760,1208800,Technology,Semiconductors,NASDAQ,NASDAQ Global Select
CTAS,Cintas Corporation,69215014710,208506,Industrials,Specialty Business Services,NASDAQ,NASDAQ Global Select
EOG,"EOG Resources, Inc.",69074515090,2079311,Energy,Oil & Gas Exploration & Production,NYSE,New York Stock Exchange
ABB,ABB Ltd,69020585106,6388230,Industrials,Electrical Equipment & Parts,NYSE,New York Stock Exchange
BTI,British American Tobacco p.l.c.,68697021171,3868040,Consumer Defensive,Tobacco,NYSE,New York Stock Exchange
ECL,Ecolab Inc.,68305488300,1071202,Basic Materials,Chemicals - Specialty,NYSE,New York Stock Exchange
BN,Brookfield Corporation,68216529600,1836697,Financial Services,Asset Management,NYSE,New York Stock Exchange
TGT,Target Corporation,67545002000,2403824,Consumer Defensive,Discount Stores,NYSE,New York Stock Exchange
PH,Parker-Hannifin Corporation,66345151740,690565,Industrials,Industrial - Machinery,NYSE,New York Stock Exchange
MAR,"Marriott International, Inc.",66007244200,2716992,Consumer Cyclical,Travel Lodging,NASDAQ,NASDAQ Global Select
STLA,Stellantis N.V.,65897976567,3926893,Consumer Cyclical,Auto - Manufacturers,NYSE,New York Stock Exchange
NOC,Northrop Grumman Corporation,65121519600,621868,Industrials,Aerospace & Defense,NYSE,New York Stock Exchange
CSX,CSX Corporation,64023957500,8603274,Industrials,Railroads,NASDAQ,NASDAQ Global Select
APO,"Apollo Global Management, Inc.",63933289440,2748648,Financial Services,Asset Management - Global,NYSE,New York Stock Exchange
SLB,Schlumberger Limited,63677097000,15012337,Energy,Oil & Gas Equipment & Services,NYSE,New York Stock Exchange
PXD,Pioneer Natural Resources Company,63003455657,4426409,Energy,Oil & Gas Exploration & Production,NYSE,New York Stock Exchange
CEG,Constellation Energy Corporation,62416502280,3946512,Utilities,Renewable Utilities,NASDAQ,NASDAQ Global Select
APD,"Air Products and Chemicals, Inc.",62141196180,2181844,Basic Materials,Chemicals - Specialty,NYSE,New York Stock Exchange
WELL,Welltower Inc.,62069659960,1965427,Real Estate,REIT - Healthcare Facilities,NYSE,New York Stock Exchange
PNC,"The PNC Financial Services Group, Inc.",62025743160,698404,Financial Services,Banks - Regional,NYSE,New York Stock Exchange
MSI,"Motorola Solutions, Inc.",61887984220,395694,Technology,Communication Equipment,NYSE,New York Stock Exchange
EMR,Emerson Electric Co.,61775358000,3167108,Industrials,Industrial - Machinery,NYSE,New York Stock Exchange
MPC,Marathon Petroleum Corporation,61692983000,1843469,Energy,Oil & Gas Refining & Marketing,NYSE,New York Stock Exchange
BMO,Bank of Montreal,61633722240,703564,Financial Services,Banks - Diversified,NYSE,New York Stock Exchange
EPD,Enterprise Products Partners L.P.,61563726000,2984848,Energy,Oil & Gas Midstream,NYSE,New York Stock Exchange
AON,Aon plc,61559064720,833959,Financial Services,Insurance - Brokers,NYSE,New York Stock Exchange
VMW,"VMware, Inc.",61521441480,1787198,Technology,Software - Infrastructure,NYSE,New York Stock Exchange
BBVA,"Banco Bilbao Vizcaya Argentaria, S.A.",61136212700,956110,Financial Services,Banks - Diversified,NYSE,New York Stock Exchange
FDX,FedEx Corporation,60961646130,1254328,Industrials,Integrated Freight & Logistics,NYSE,New York Stock Exchange
USB,U.S. Bancorp,60873544600,4525497,Financial Services,Banks - Regional,NYSE,New York Stock Exchange
SPOT,Spotify Technology S.A.,60139421697,2127917,Communication Services,Internet Content & Information,NYSE,New York Stock Exchange
COIN,"Coinbase Global, Inc.",59958109949,9039160,Technology,Software - Application,NASDAQ,NASDAQ Global Select
ROP,"Roper Technologies, Inc.",59306141350,376123,Industrials,Industrial - Machinery,NASDAQ,NASDAQ Global Select
RSG,"Republic Services, Inc.",58876537400,865473,Industrials,Waste Management,NYSE,New York Stock Exchange
MRVL,"Marvell Technology, Inc.",58852144000,6672119,Technology,Semiconductors,NASDAQ,NASDAQ Global Select
PSX,Phillips 66,58535052640,1667271,Energy,Oil & Gas Refining & Marketing,NYSE,New York Stock Exchange
NTES,"NetEase, Inc.",58474347808,1401918,Technology,Electronic Gaming & Multimedia,NASDAQ,NASDAQ Global Select
MRNA,"Moderna, Inc.",57873072400,2506535,Healthcare,Biotechnology,NASDAQ,NASDAQ Global Select
BNS,The Bank of Nova Scotia,57740607200,1394195,Financial Services,Banks - Diversified,NYSE,New York Stock Exchange
ING,ING Groep N.V.,57649837935,1733583,Financial Services,Banks - Diversified,NYSE,New York Stock Exchange
ORLY,"O'Reilly Automotive, Inc.",57639655670,289984,Consumer Cyclical,Specialty Retail,NASDAQ,NASDAQ Global Select
WDAY,"Workday, Inc.",57134044999,2379655,Technology,Software - Application,NASDAQ,NASDAQ Global Select
NU,Nu Holdings Ltd.,56847143977,24201078,Financial Services,Banks - Diversified,NYSE,New York Stock Exchange
CARR,Carrier Global Corporation,56502525230,1668989,Industrials,Construction,NYSE,New York Stock Exchange
PCAR,PACCAR Inc,56434692150,2143724,Industrials,Agricultural - Machinery,NASDAQ,NASDAQ Global Select
MMM,3M Company,55811990460,5611582,Industrials,Conglomerates,NYSE,New York Stock Exchange
AJG,Arthur J. Gallagher & Co.,55396305000,693775,Financial Services,Insurance - Brokers,NYSE,New York Stock Exchange
MNST,Monster Beverage Corporation,54888753700,16679418,Consumer Defensive,Beverages - Non-Alcoholic,NASDAQ,NASDAQ Global Select
NGG,National Grid plc,53835600000,663101,Utilities,Regulated Electric,NYSE,New York Stock Exchange
CRH,CRH plc,53771529755,4585034,Basic Materials,Construction Materials,NYSE,New York Stock Exchange
AMX,"América Móvil, S.A.B. de C.V.",53727840000,2030797,Communication Services,Telecommunications Services,NYSE,New York Stock Exchange
COF,Capital One Financial Corporation,53392695600,2819135,Financial Services,Financial - Credit Services,NYSE,New York Stock Exchange
CEO,CNOOC Limited,53212528549,96500,Energy,Oil & Gas Exploration & Production,NYSE,New York Stock Exchange
EW,Edwards Lifesciences Corporation,53113164000,2423500,Healthcare,Medical - Devices,NYSE,New York Stock Exchange
OXY,Occidental Petroleum Corporation,52737168760,6868504,Energy,Oil & Gas Exploration & Production,NYSE,New York Stock Exchange
ITUB,Itaú Unibanco Holding S.A.,52586418640,14554803,Financial Services,Banks - Regional,NYSE,New York Stock Exchange
ET,Energy Transfer LP,52167909600,8515012,Energy,Oil & Gas Midstream,NYSE,New York Stock Exchange
GM,General Motors Company,52164691200,10546306,Consumer Cyclical,Auto - Manufacturers,NYSE,New York Stock Exchange
HMC,"Honda Motor Co., Ltd.",51757673288,713356,Consumer Cyclical,Auto - Manufacturers,NYSE,New York Stock Exchange
CPRT,"Copart, Inc.",51733140480,3364807,Consumer Cyclical,Auto - Dealerships,NASDAQ,NASDAQ Global Select
NSC,Norfolk Southern Corporation,50620549980,773112,Industrials,Railroads,NYSE,New York Stock Exchange
MFG,"Mizuho Financial Group, Inc.",50563478390,964653,Financial Services,Banks - Regional,NYSE,New York Stock Exchange
HLT,Hilton Worldwide Holdings Inc.,50554300280,1253793,Consumer Cyclical,Travel Lodging,NYSE,New York Stock Exchange
VLO,Valero Energy Corporation,50497992280,1951932,Energy,Oil & Gas Refining & Marketing,NYSE,New York Stock Exchange
AFL,Aflac Incorporated,50452431380,1224055,Financial Services,Insurance - Life,NYSE,New York Stock Exchange
AIG,"American International Group, Inc.",50452041360,2109222,Financial Services,Insurance - Diversified,NYSE,New York Stock Exchange
MCHP,Microchip Technology Incorporated,49849865100,4286303,Technology,Semiconductors,NASDAQ,NASDAQ Global Select
MET,"MetLife, Inc.",49814166150,2209094,Financial Services,Insurance - Life,NYSE,New York Stock Exchange
PLTR,Palantir Technologies Inc.,49658225400,33726518,Technology,Software - Infrastructure,NYSE,New York Stock Exchange
WMB,"The Williams Companies, Inc.",49603125000,3214440,Energy,Oil & Gas Midstream,NYSE,New York Stock Exchange
SPG,"Simon Property Group, Inc.",49473825440,1776162,Real Estate,REIT - Retail,NYSE,New York Stock Exchange
SU,Suncor Energy Inc.,48813730900,3478576,Energy,Oil & Gas Integrated,NYSE,New York Stock Exchange
TRV,"The Travelers Companies, Inc.",48764059350,1144908,Financial Services,Insurance - Property & Casualty,NYSE,New York Stock Exchange
VALE,Vale S.A.,48581786371,20128664,Basic Materials,Industrial Materials,NYSE,New York Stock Exchange
TFC,Truist Financial Corporation,48399077000,4691320,Financial Services,Banks - Regional,NYSE,New York Stock Exchange
ROST,"Ross Stores, Inc.",48376417425,1957319,Consumer Cyclical,Apparel - Retail,NASDAQ,NASDAQ Global Select
PSA,Public Storage,48117019500,868616,Real Estate,REIT - Industrial,NYSE,New York Stock Exchange
AZO,"AutoZone, Inc.",48015200800,99917,Consumer Cyclical,Specialty Retail,NYSE,New York Stock Exchange
CTA-PA,E. I. du Pont de Nemours and Company,47998350745,451,Basic Materials,Agricultural Inputs,NYSE,New York Stock Exchange
SRE,Sempra,47672289180,3626302,Utilities,Diversified Utilities,NYSE,New York Stock Exchange
F,Ford Motor Company,47646103500,29099786,Consumer Cyclical,Auto - Manufacturers,NYSE,New York Stock Exchange
E,Eni S.p.A.,47285904920,307577,Energy,Oil & Gas Integrated,NYSE,New York Stock Exchange
DLR,"Digital Realty Trust, Inc.",47260366450,1069567,Real Estate,REIT - Office,NYSE,New York Stock Exchange
JCI,Johnson Controls International plc,47123636200,3870367,Industrials,Construction,NYSE,New York Stock Exchange
COR,Cencora,46964962440,868439,Healthcare,Medical - Distribution,NYSE,New York Stock Exchange
KDP,Keurig Dr Pepper Inc.,46943389100,5321418,Consumer Defensive,Beverages - Non-Alcoholic,NASDAQ,NASDAQ Global Select
ADSK,"Autodesk, Inc.",46553589800,2396027,Technology,Software - Application,NASDAQ,NASDAQ Global Select
AEP,"American Electric Power Company, Inc.",46544872512,1635532,Utilities,Regulated Electric,NASDAQ,NASDAQ Global Select
NEM,Newmont Corporation,46540730400,9071875,Basic Materials,Gold,NYSE,New York Stock Exchange
O,Realty Income Corporation,46429669680,3949151,Real Estate,REIT - Retail,NYSE,New York Stock Exchange
MFC,Manulife Financial Corporation,46419362000,1286884,Financial Services,Insurance - Life,NYSE,New York Stock Exchange
DASH,"DoorDash, Inc.",46317686741,2872930,Communication Services,Internet Content & Information,NASDAQ,NASDAQ Global Select
DHI,"D.R. Horton, Inc.",46176128640,2777639,Consumer Cyclical,Residential Construction,NYSE,New York Stock Exchange
TTD,"The Trade Desk, Inc.",46061102962,3242572,Technology,Software - Application,NASDAQ,NASDAQ Global Market
DXCM,"DexCom, Inc.",46047830360,2964705,Healthcare,Medical - Devices,NASDAQ,NASDAQ Global Select
CM,Canadian Imperial Bank of Commerce,45916710330,651893,Financial Services,Banks - Diversified,NYSE,New York Stock Exchange
OKE,"ONEOK, Inc.",45903836550,2458632,Energy,Oil & Gas Midstream,NYSE,New York Stock Exchange
STZ,"Constellation Brands, Inc.",45758089220,1057696,Consumer Defensive,Beverages - Wineries & Distilleries,NYSE,New York Stock Exchange
TEL,TE Connectivity Ltd.,45680179930,1481404,Technology,"Hardware, Equipment & Parts",NYSE,New York Stock Exchange
FTNT,"Fortinet, Inc.",45622377360,2606811,Technology,Software - Infrastructure,NASDAQ,NASDAQ Global Select
HES,Hess Corporation,45458401860,1124041,Energy,Oil & Gas Exploration & Production,NYSE,New York Stock Exchange
KMB,Kimberly-Clark Corporation,45280626320,1910207,Consumer Defensive,Household & Personal Products,NYSE,New York Stock Exchange
BK,The Bank of New York Mellon Corporation,45100782960,3316093,Financial Services,Asset Management,NYSE,New York Stock Exchange
ALC,Alcon Inc.,45077754000,720733,Healthcare,Medical - Instruments & Supplies,NYSE,New York Stock Exchange
SMCI,"Super Micro Computer, Inc.",45036389715,3379502,Technology,Computer Hardware,NASDAQ,NASDAQ Global Select
GEV,GE Vernova Inc.,44423777840,4202794,Utilities,Renewable Utilities,NYSE,New York Stock Exchange
PAYX,"Paychex, Inc.",44124264540,1834550,Industrials,Staffing & Employment Services,NASDAQ,NASDAQ Global Select
SNOW,Snowflake Inc.,43929108000,4223880,Technology,Software - Application,NYSE,New York Stock Exchange
GWW,"W.W. Grainger, Inc.",43781636800,219733,Industrials,Industrial - Distribution,NYSE,New York Stock Exchange
CCI,Crown Castle Inc.,43721704260,2324000,Real Estate,REIT - Specialty,NYSE,New York Stock Exchange
KMI,"Kinder Morgan, Inc.",43544235600,8840783,Energy,Oil & Gas Midstream,NYSE,New York Stock Exchange
ALL,The Allstate Corporation,43536060540,1065068,Financial Services,Insurance - Property & Casualty,NYSE,New York Stock Exchange
EL,The Estée Lauder Companies Inc.,43210357896,2042128,Consumer Defensive,Household & Personal Products,NYSE,New York Stock Exchange
LYG,Lloyds Banking Group plc,43165020030,9012898,Financial Services,Banks - Regional,NYSE,New York Stock Exchange
SGEN,Seagen Inc.,43154776450,19392808,Healthcare,Biotechnology,NASDAQ,NASDAQ Global Select
D,"Dominion Energy, Inc.",43117573840,4797292,Utilities,Regulated Electric,NYSE,New York Stock Exchange
FIS,"Fidelity National Information Services, Inc.",43115015010,3925774,Technology,Information Technology Services,NYSE,New York Stock Exchange
URI,"United Rentals, Inc.",42843941660,482954,Industrials,Rental & Leasing Services,NYSE,New York Stock Exchange
WCN,"Waste Connections, Inc.",42712796340,1350753,Industrials,Waste Management,NYSE,New York Stock Exchange
TEAM,Atlassian Corporation,42522309051,1003565,Technology,Software - Application,NASDAQ,NASDAQ Global Select
LEN,Lennar Corporation,42411149736,2188446,Consumer Cyclical,Residential Construction,NYSE,New York Stock Exchange
HUM,Humana Inc.,42392251800,860362,Healthcare,Medical - Healthcare Plans,NYSE,New York Stock Exchange
AMP,"Ameriprise Financial, Inc.",42374982087,286887,Financial Services,Asset Management,NYSE,New York Stock Exchange
PRU,"Prudential Financial, Inc.",42304560000,907681,Financial Services,Insurance - Life,NYSE,New York Stock Exchange
TAK,Takeda Pharmaceutical Company Limited,42269257069,740464,Healthcare,Drug Manufacturers - Specialty & Generic,NYSE,New York Stock Exchange
LHX,"L3Harris Technologies, Inc.",42089992000,567488,Industrials,Aerospace & Defense,NYSE,New York Stock Exchange
JD,"JD.com, Inc.",42070695480,9517617,Consumer Cyclical,Specialty Retail,NASDAQ,NASDAQ Global Select
ENBA,Enbridge Inc. 6.375 SNT18 B 78,41782996977,21497,Energy,Oil & Gas Midstream,NYSE,New York Stock Exchange
KHC,The Kraft Heinz Company,41759777000,8331045,Consumer Defensive,Packaged Foods,NASDAQ,NASDAQ Global Select
MPLX,MPLX LP,41715010000,929282,Energy,Oil & Gas Midstream,NYSE,New York Stock Exchange
SE,Sea Limited,41622420307,4274374,Consumer Cyclical,Specialty Retail,NYSE,New York Stock Exchange
BCS,Barclays PLC,41187042000,12227556,Financial Services,Banks - Diversified,NYSE,New York Stock Exchange
TWTR,"Twitter, Inc. (delisted)",41093709770,75139089,Communication Services,Internet Content & Information,NYSE,New York Stock Exchange
IDXX,"IDEXX Laboratories, Inc.",41088007623,379895,Healthcare,Medical - Diagnostics & Research,NASDAQ,NASDAQ Global Select
TRP,TC Energy Corporation,40845981300,3476116,Energy,Oil & Gas Midstream,NYSE,New York Stock Exchange
SQ,"Block, Inc.",40169694405,6537632,Technology,Software - Infrastructure,NYSE,New York Stock Exchange
FERG,Ferguson plc,40121494830,1068019,Industrials,Industrial - Distribution,NYSE,New York Stock Exchange
IQV,IQVIA Holdings Inc.,39943706000,1280218,Healthcare,Medical - Diagnostics & Research,NYSE,New York Stock Exchange
OTIS,Otis Worldwide Corporation,39890507180,1838107,Industrials,Industrial - Machinery,NYSE,New York Stock Exchange
CHTR,"Charter Communications, Inc.",39871824900,938370,Communication Services,Telecommunications Services,NASDAQ,NASDAQ Global Select
RCL,Royal Caribbean Cruises Ltd.,39778434930,958070,Consumer Cyclical,Travel Services,NYSE,New York Stock Exchange
STM,STMicroelectronics N.V.,39700100491,3122852,Technology,Semiconductors,NYSE,New York Stock Exchange
HSY,The Hershey Company,39649111065,674150,Consumer Defensive,Food Confectioners,NYSE,New York Stock Exchange
PWR,"Quanta Services, Inc.",39425216160,487402,Industrials,Engineering & Construction,NYSE,New York Stock Exchange
YUM,"Yum! Brands, Inc.",39420031040,1446369,Consumer Cyclical,Restaurants,NYSE,New York Stock Exchange
AME,"AMETEK, Inc.",39349900000,985283,Industrials,Industrial - Machinery,NYSE,New York Stock Exchange
DOW,Dow Inc.,39189670380,4138379,Basic Materials,Chemicals,NYSE,New York Stock Exchange
CPNG,"Coupang, Inc.",39049652547,4434781,Consumer Cyclical,Specialty Retail,NYSE,New York Stock Exchange
MSCI,MSCI Inc.,38953746898,392051,Financial Services,Financial - Data & Stock Exchanges,NYSE,New York Stock Exchange
HLN,Haleon plc,38903602260,3447906,Healthcare,Drug Manufacturers - Specialty & Generic,NYSE,New York Stock Exchange
A,"Agilent Technologies, Inc.",38798377780,1998436,Healthcare,Medical - Diagnostics & Research,NYSE,New York Stock Exchange
NUE,Nucor Corporation,38601682000,1643066,Basic Materials,Steel,NYSE,New York Stock Exchange
PCG,PG&E Corporation,38575737982,7415275,Utilities,Regulated Electric,NYSE,New York Stock Exchange
BSBR,Banco Santander (Brasil) S.A.,38325665618,284765,Financial Services,Banks - Regional,NYSE,New York Stock Exchange
LULU,Lululemon Athletica Inc.,38106963960,3996113,Consumer Cyclical,Apparel - Retail,NASDAQ,NASDAQ Global Select
GIS,"General Mills, Inc.",38084475540,2383376,Consumer Defensive,Packaged Foods,NYSE,New York Stock Exchange
KR,The Kroger Co.,37820388100,2255124,Consumer Defensive,Grocery Stores,NYSE,New York Stock Exchange
ACGL,Arch Capital Group Ltd.,37763431580,747283,Financial Services,Insurance - Diversified,NASDAQ,NASDAQ Global Select
VRSK,"Verisk Analytics, Inc.",37666200000,815351,Industrials,Consulting Services,NASDAQ,NASDAQ Global Select
CNC,Centene Corporation,37254525290,3061197,Healthcare,Medical - Healthcare Plans,NYSE,New York Stock Exchange
CMI,Cummins Inc.,37186378600,764138,Industrials,Industrial - Machinery,NYSE,New York Stock Exchange
CTVA,"Corteva, Inc.",36870030400,3598630,Basic Materials,Agricultural Inputs,NYSE,New York Stock Exchange
ODFL,"Old Dominion Freight Line, Inc.",36619041050,1500952,Industrials,Trucking,NASDAQ,NASDAQ Global Select
DDOG,"Datadog, Inc.",36617585497,3635140,Technology,Software - Application,NASDAQ,NASDAQ Global Select
MPWR,"Monolithic Power Systems, Inc.",36583822080,321015,Technology,Semiconductors,NASDAQ,NASDAQ Global Select
FAST,Fastenal Company,36580027830,2496382,Industrials,Industrial - Distribution,NASDAQ,NASDAQ Global Select
LNG,"Cheniere Energy, Inc.",36532066080,1349857,Energy,Oil & Gas Midstream,NYSE,New York Stock Exchange
EA,Electronic Arts Inc.,36445974780,2485622,Technology,Electronic Gaming & Multimedia,NASDAQ,NASDAQ Global Select
PEG,Public Service Enterprise Group Incorporated,36300070400,1852851,Utilities,Regulated Electric,NYSE,New York Stock Exchange
EXC,Exelon Corporation,36171085100,3193828,Utilities,Regulated Electric,NASDAQ,NASDAQ Global Select
SYY,Sysco Corporation,36168432660,1456828,Consumer Defensive,Food Distribution,NYSE,New York Stock Exchange
ABC,AmerisourceBergen Corporation,36149702920,806054,Healthcare,Medical - Distribution,NYSE,New York Stock Exchange
IR,Ingersoll Rand Inc.,35957894160,2139022,Industrials,Industrial - Machinery,NYSE,New York Stock Exchange
HPQ,HP Inc.,35668512000,8571003,Technology,Computer Hardware,NYSE,New York Stock Exchange
CVE,Cenovus Energy Inc.,35270932000,7645018,Energy,Oil & Gas Integrated,NYSE,New York Stock Exchange
KVUE,Kenvue Inc.,35213442333,17275372,Consumer Defensive,Household & Personal Products,NYSE,New York Stock Exchange
GEHC,GE HealthCare Technologies Inc.,34846565582,2327572,Healthcare,Medical - Healthcare Information Services,NASDAQ,NASDAQ Global Select
BIDU,"Baidu, Inc.",34491963245,3411951,Communication Services,Internet Content & Information,NASDAQ,NASDAQ Global Select
HWM,Howmet Aerospace Inc.,34197571740,1976419,Industrials,Industrial - Machinery,NYSE,New York Stock Exchange
ABEV,Ambev S.A.,34172480790,20381123,Consumer Defensive,Beverages - Alcoholic,NYSE,New York Stock Exchange
CCEP,Coca-Cola Europacific Partners PLC,34151907780,823306,Consumer Defensive,Beverages - Non-Alcoholic,NASDAQ,NASDAQ Global Select
FLUT,Flutter Entertainment plc,34019471550,618739,Consumer Cyclical,"Gambling, Resorts & Casinos",NYSE,New York Stock Exchange
WDS,Woodside Energy Group Ltd,33968268497,418135,Energy,Oil & Gas Exploration & Production,NYSE,New York Stock Exchange
MLM,"Martin Marietta Materials, Inc.",33955736974,430166,Basic Materials,Construction Materials,NYSE,New York Stock Exchange
FANG,"Diamondback Energy, Inc.",33938863200,918187,Energy,Oil & Gas Exploration & Production,NASDAQ,NASDAQ Global Select
NWG,NatWest Group plc,33914796000,1069133,Financial Services,Banks - Diversified,NYSE,New York Stock Exchange
NDAQ,"Nasdaq, Inc.",33888609740,2285214,Financial Services,Financial - Data & Stock Exchanges,NASDAQ,NASDAQ Global Select
IT,"Gartner, Inc.",33725794420,289999,Technology,Information Technology Services,NYSE,New York Stock Exchange
LVS,Las Vegas Sands Corp.,33542015940,9403635,Consumer Cyclical,"Gambling, Resorts & Casinos",NYSE,New York Stock Exchange
DD,"DuPont de Nemours, Inc.",33452501040,2933164,Basic Materials,Chemicals - Specialty,NYSE,New York Stock Exchange
XYL,Xylem Inc.,33292822040,804314,Industrials,Industrial - Machinery,NYSE,New York Stock Exchange
TCOM,Trip.com Group Limited,33106190637,1928987,Consumer Cyclical,Travel Services,NASDAQ,NASDAQ Global Select
VRT,Vertiv Holdings Co,32822569600,13560171,Industrials,Electrical Equipment & Parts,NYSE,New York Stock Exchange
BIIB,Biogen Inc.,32821931710,916908,Healthcare,Drug Manufacturers - General,NASDAQ,NASDAQ Global Select
CTSH,Cognizant Technology Solutions Corporation,32785302060,1333984,Technology,Information Technology Services,NASDAQ,NASDAQ Global Select
VMC,Vulcan Materials Company,32744272680,573469,Basic Materials,Construction Materials,NYSE,New York Stock Exchange
DB,Deutsche Bank Aktiengesellschaft,32677975000,971757,Financial Services,Banks - Regional,NYSE,New York Stock Exchange
DAL,"Delta Air Lines, Inc.",32549587720,3671830,Industrials,"Airlines, Airports & Air Services",NYSE,New York Stock Exchange
FICO,Fair Isaac Corporation,32379186488,84338,Technology,Software - Application,NYSE,New York Stock Exchange
AEM,Agnico Eagle Mines Limited,31832412832,4379767,Basic Materials,Gold,NYSE,New York Stock Exchange
ED,"Consolidated Edison, Inc.",31681944350,1281193,Utilities,Regulated Electric,NYSE,New York Stock Exchange
GLW,Corning Incorporated,31634939670,2915139,Technology,"Hardware, Equipment & Parts",NYSE,New York Stock Exchange
BKR,Baker Hughes Company,31576656720,6767642,Energy,Oil & Gas Equipment & Services,NASDAQ,NASDAQ Global Select
GRMN,Garmin Ltd.,31358654280,225070,Technology,"Hardware, Equipment & Parts",NYSE,New York Stock Exchange
EXR,Extra Space Storage Inc.,31356472500,985711,Real Estate,REIT - Industrial,NYSE,New York Stock Exchange
DFS,Discover Financial Services,31299815100,923357,Financial Services,Financial - Credit Services,NYSE,New York Stock Exchange
LYB,LyondellBasell Industries N.V.,31279249320,1651075,Basic Materials,Chemicals - Specialty,NYSE,New York Stock Exchange
BCE,BCE Inc.,31227173250,1214977,Communication Services,Telecommunications Services,NYSE,New York Stock Exchange
CSGP,"CoStar Group, Inc.",31119743820,3186090,Real Estate,Real Estate - Services,NASDAQ,NASDAQ Global Select
ON,ON Semiconductor Corporation,31110075920,3446562,Technology,Semiconductors,NASDAQ,NASDAQ Global Select
RMD,ResMed Inc.,30984155370,330658,Healthcare,Medical - Instruments & Supplies,NYSE,New York Stock Exchange
MTD,Mettler-Toledo International Inc.,30724328492,137666,Healthcare,Medical - Diagnostics & Research,NYSE,New York Stock Exchange
IIVI,II-VI Incorporated,30513807103,247144,Technology,"Hardware, Equipment & Parts",NASDAQ,NASDAQ Global Select
XEL,Xcel Energy Inc.,30415678860,2867746,Utilities,Regulated Electric,NASDAQ,NASDAQ Global Select
HUBS,"HubSpot, Inc.",30406715960,313166,Technology,Software - Application,NYSE,New York Stock Exchange
ADM,Archer-Daniels-Midland Company,30294216260,3080022,Consumer Defensive,Agricultural Farm Products,NYSE,New York Stock Exchange
CHT,"Chunghwa Telecom Co., Ltd.",30191995400,29034,Communication Services,Telecommunications Services,NYSE,New York Stock Exchange
HAL,Halliburton Company,30171058080,6635048,Energy,Oil & Gas Equipment & Services,NYSE,New York Stock Exchange
CDW,CDW Corporation,30137407520,818963,Technology,Information Technology Services,NASDAQ,NASDAQ Global Select
PINS,"Pinterest, Inc.",30134624862,13078928,Communication Services,Internet Content & Information,NYSE,New York Stock Exchange
PPG,"PPG Industries, Inc.",30112145000,1512868,Basic Materials,Chemicals - Specialty,NYSE,New York Stock Exchange
HIG,"The Hartford Financial Services Group, Inc.",29826891750,830311,Financial Services,Insurance - Diversified,NYSE,New York Stock Exchange
VEEV,Veeva Systems Inc.,29604947280,1039523,Healthcare,Medical - Healthcare Information Services,NYSE,New York Stock Exchange
VICI,VICI Properties Inc.,29595016600,5073894,Real Estate,REIT - Diversified,NYSE,New York Stock Exchange
DVN,Devon Energy Corporation,29571280000,5653220,Energy,Oil & Gas Exploration & Production,NYSE,New York Stock Exchange
VST,Vistra Corp.,29558422200,7111431,Utilities,Independent Power Producers,NYSE,New York Stock Exchange
WIT,Wipro Limited,29351614801,5123528,Technology,Information Technology Services,NYSE,New York Stock Exchange
TSCO,Tractor Supply Company,29208963300,954082,Consumer Cyclical,Specialty Retail,NASDAQ,NASDAQ Global Select
ROK,"Rockwell Automation, Inc.",29174507730,425333,Industrials,Industrial - Machinery,NYSE,New York Stock Exchange
ORAN,Orange S.A.,28915023724,2179377,Communication Services,Telecommunications Services,NYSE,New York Stock Exchange
FER,Ferrovial SE,28842246720,6864,Industrials,Industrial - Infrastructure Operations,NASDAQ,NASDAQ Global Select
EFX,Equifax Inc.,28835974080,670794,Industrials,Consulting Services,NYSE,New York Stock Exchange
WAB,Westinghouse Air Brake Technologies Corporation,28780740450,856662,Industrials,Railroads,NYSE,New York Stock Exchange
FSLR,"First Solar, Inc.",28616340940,2385829,Energy,Solar,NASDAQ,NASDAQ Global Select
SLF,Sun Life Financial Inc.,28527848160,811750,Financial Services,Insurance - Diversified,NYSE,New York Stock Exchange
EIX,Edison International,28464026940,1380380,Utilities,Regulated Electric,NYSE,New York Stock Exchange
GOLD,Barrick Gold Corporation,28359400000,35786666,Basic Materials,Gold,NYSE,New York Stock Exchange
MSTR,MicroStrategy Incorporated,28324640829,1249924,Technology,Software - Application,NASDAQ,NASDAQ Global Select
RKT,"Rocket Companies, Inc.",28314186122,1921553,Financial Services,Financial - Mortgages,NYSE,New York Stock Exchange
ANSS,"ANSYS, Inc.",28311390000,246795,Technology,Software - Application,NASDAQ,NASDAQ Global Select
TTWO,"Take-Two Interactive Software, Inc.",28239106450,1456420,Technology,Electronic Gaming & Multimedia,NASDAQ,NASDAQ Global Select
AVB,"AvalonBay Communities, Inc.",28040501060,557492,Real Estate,REIT - Residential,NYSE,New York Stock Exchange
DG,Dollar General Corporation,27840905950,2173944,Consumer Defensive,Discount Stores,NYSE,New York Stock Exchange
NETE,"Net Element, Inc.",27819785360,4070566,Technology,Software - Infrastructure,NASDAQ,NASDAQ Capital Market
NTR,Nutrien Ltd.,27407337480,1208739,Basic Materials,Agricultural Inputs,NYSE,New York Stock Exchange
ZS,"Zscaler, Inc.",27122799420,2118309,Technology,Software - Infrastructure,NASDAQ,NASDAQ Global Select
FWONK,Formula One Group,27008522035,877900,Communication Services,Entertainment,NASDAQ,NASDAQ Global Select
APP,AppLovin Corporation,26949509628,2784201,Technology,Software - Application,NASDAQ,NASDAQ Global Select
HEI,HEICO Corporation,26938614326,224861,Industrials,Aerospace & Defense,NYSE,New York Stock Exchange
PUK,Prudential plc,26717254122,860479,Financial Services,Insurance - Life,NYSE,New York Stock Exchange
EBAY,eBay Inc.,26646160000,4294203,Consumer Cyclical,Specialty Retail,NASDAQ,NASDAQ Global Select
GFS,GLOBALFOUNDRIES Inc.,26625366633,1498025,Technology,Semiconductors,NASDAQ,NASDAQ Global Select
DECK,Deckers Outdoor Corporation,26569857175,242966,Consumer Cyclical,Apparel - Footwear & Accessories,NYSE,New York Stock Exchange
SPLK,Splunk Inc.,26443770355,18211874,Technology,Software - Infrastructure,NASDAQ,NASDAQ Global Select
ICLR,ICON Public Limited Company,26399283664,629333,Healthcare,Medical - Diagnostics & Research,NASDAQ,NASDAQ Global Select
CBRE,"CBRE Group, Inc.",26273339120,1374304,Real Estate,Real Estate - Services,NYSE,New York Stock Exchange
CHD,"Church & Dwight Co., Inc.",26256879740,716814,Consumer Defensive,Household & Personal Products,NYSE,New York Stock Exchange
TRGP,Targa Resources Corp.,26164823170,902498,Energy,Oil & Gas Midstream,NYSE,New York Stock Exchange
WTW,Willis Towers Watson Public Limited Company,26120275640,301658,Financial Services,Insurance - Brokers,NASDAQ,NASDAQ Global Select
HPE,Hewlett Packard Enterprise Company,26032390100,21208846,Technology,Communication Equipment,NYSE,New York Stock Exchange
TEF,"Telefónica, S.A.",25905222023,1153554,Communication Services,Telecommunications Services,NYSE,New York Stock Exchange
TROW,"T. Rowe Price Group, Inc.",25802315000,649119,Financial Services,Asset Management,NASDAQ,NASDAQ Global Select
BRO,"Brown & Brown, Inc.",25752279720,930740,Financial Services,Insurance - Brokers,NYSE,New York Stock Exchange
FTV,Fortive Corporation,25610109750,837371,Technology,"Hardware, Equipment & Parts",NYSE,New York Stock Exchange
SNAP,Snap Inc.,25608622637,26217779,Communication Services,Internet Content & Information,NYSE,New York Stock Exchange
MBLY,Mobileye Global Inc.,25546797841,17327115,Consumer Cyclical,Auto - Parts,NASDAQ,NASDAQ Global Select
ARES,Ares Management Corporation,25416747720,941477,Financial Services,Asset Management,NYSE,New York Stock Exchange
IX,ORIX Corporation,25300323423,16345,Financial Services,Financial - Credit Services,NYSE,New York Stock Exchange
WEC,"WEC Energy Group, Inc.",25218466550,1380418,Utilities,Regulated Electric,NYSE,New York Stock Exchange
IFF,International Flavors & Fragrances Inc.,25146966480,1255319,Basic Materials,Chemicals - Specialty,NYSE,New York Stock Exchange
TECK,Teck Resources Limited,25102809270,2936137,Basic Materials,Industrial Materials,NYSE,New York Stock Exchange
IRM,Iron Mountain Incorporated,25054077510,1736883,Real Estate,REIT - Specialty,NYSE,New York Stock Exchange
